participant_id	6_target	8_target
sub-NDARAA075AMK	TRUE	FALSE
sub-NDARAA112DMH	FALSE	FALSE
sub-NDARAA117NEJ	TRUE	FALSE
sub-NDARAC904DMU	FALSE	TRUE
sub-NDARAD481FXF	FALSE	TRUE
sub-NDARAE012DGA	TRUE	FALSE
sub-NDARAE199TDD	FALSE	TRUE
sub-NDARAG143ARJ	TRUE	FALSE
sub-NDARAJ366ZFA	FALSE	TRUE
sub-NDARAJ807UYR	TRUE	FALSE
sub-NDARAK653RYE	FALSE	TRUE
sub-NDARAM048AFP	FALSE	TRUE
sub-NDARAM277WZT	FALSE	TRUE
sub-NDARAM704GKZ	FALSE	FALSE
sub-NDARAN385MDH	FALSE	TRUE
sub-NDARAN461TGQ	FALSE	TRUE
sub-NDARAP359UM6	FALSE	TRUE
sub-NDARAT100AEQ	FALSE	FALSE
sub-NDARAT299YRR	FALSE	FALSE
sub-NDARAU447JZH	FALSE	TRUE
sub-NDARAV534CJH	FALSE	TRUE
sub-NDARAV747WVL	FALSE	TRUE
sub-NDARAV894XWD	FALSE	TRUE
sub-NDARAW320CGR	TRUE	FALSE
sub-NDARAY238DFL	FALSE	FALSE
sub-NDARAY734WB0	FALSE	TRUE
sub-NDARBA507GCT	FALSE	TRUE
sub-NDARBA521RA8	FALSE	FALSE
sub-NDARBB854DRN	FALSE	TRUE
sub-NDARBC580HR5	FALSE	TRUE
sub-NDARBD566RRW	FALSE	FALSE
sub-NDARBD879MBX	FALSE	TRUE
sub-NDARBF805EHN	FALSE	TRUE
sub-NDARBH024NH2	TRUE	FALSE
sub-NDARBK082PDD	TRUE	FALSE
sub-NDARBK669XJQ	FALSE	TRUE
sub-NDARBL117AUV	TRUE	FALSE
sub-NDARBM173BJG	FALSE	TRUE
sub-NDARBM213BEA	FALSE	TRUE
sub-NDARBN100LCD	FALSE	FALSE
sub-NDARBP894XHG	FALSE	TRUE
sub-NDARBT747UHM	TRUE	FALSE
sub-NDARBU112XZE	FALSE	TRUE
sub-NDARBV364MBC	FALSE	FALSE
sub-NDARBX121UM9	FALSE	TRUE
sub-NDARBX400RTC	FALSE	TRUE
sub-NDARBY518PRN	FALSE	FALSE
sub-NDARCA153NKE	TRUE	FALSE
sub-NDARCA186WGH	FALSE	TRUE
sub-NDARCA789EE0	FALSE	TRUE
sub-NDARCB370UK4	FALSE	FALSE
sub-NDARCD401HGZ	FALSE	TRUE
sub-NDARCE353XKH	FALSE	FALSE
sub-NDARCE368YHM	FALSE	FALSE
sub-NDARCE721YB5	TRUE	FALSE
sub-NDARCF247TDJ	TRUE	FALSE
sub-NDARCG984YXZ	TRUE	FALSE
sub-NDARCH755XDL	FALSE	TRUE
sub-NDARCJ170CT9	FALSE	FALSE
sub-NDARCJ363KLE	FALSE	FALSE
sub-NDARCJ475WJP	FALSE	FALSE
sub-NDARCJ594BWQ	FALSE	TRUE
sub-NDARCL080RHP	FALSE	TRUE
sub-NDARCN669XPR	FALSE	TRUE
sub-NDARCP360AFD	TRUE	FALSE
sub-NDARCR499NE4	TRUE	FALSE
sub-NDARCT472UJ7	FALSE	FALSE
sub-NDARCT933HF2	FALSE	TRUE
sub-NDARCU034JPB	TRUE	FALSE
sub-NDARCU417HRA	FALSE	FALSE
sub-NDARCW071AU5	TRUE	FALSE
sub-NDARCW094JCG	TRUE	FALSE
sub-NDARCW419GBD	TRUE	FALSE
sub-NDARCW963FP9	FALSE	TRUE
sub-NDARCX221CWA	FALSE	TRUE
sub-NDARCX580WB7	FALSE	FALSE
sub-NDARCZ947WU5	FALSE	TRUE
sub-NDARDB146NWY	TRUE	FALSE
sub-NDARDB804YHE	FALSE	TRUE
sub-NDARDC704GKW	FALSE	FALSE
sub-NDARDH328DR9	FALSE	FALSE
sub-NDARDH670PXH	FALSE	TRUE
sub-NDARDJ585AVY	FALSE	TRUE
sub-NDARDJ825GBP	FALSE	TRUE
sub-NDARDL511UND	FALSE	TRUE
sub-NDARDL862DP6	FALSE	FALSE
sub-NDARDM425CG2	FALSE	TRUE
sub-NDARDN702GXX	FALSE	TRUE
sub-NDARDU986RBM	TRUE	FALSE
sub-NDARDV088AA3	FALSE	TRUE
sub-NDARDV310UEG	FALSE	FALSE
sub-NDARDX469TC1	TRUE	FALSE
sub-NDARDX770PJK	FALSE	TRUE
sub-NDARDZ946KVL	FALSE	TRUE
sub-NDAREB290UCN	TRUE	FALSE
sub-NDAREC182WW2	FALSE	TRUE
sub-NDARED047DTH	FALSE	FALSE
sub-NDAREE196FEG	TRUE	FALSE
sub-NDAREF057VX5	TRUE	FALSE
sub-NDAREG561ML5	FALSE	TRUE
sub-NDAREH876HG2	FALSE	TRUE
sub-NDAREH905REB	TRUE	FALSE
sub-NDAREK375DKR	FALSE	FALSE
sub-NDAREK544ENR	FALSE	TRUE
sub-NDAREK918EC2	FALSE	FALSE
sub-NDAREK947FYP	FALSE	TRUE
sub-NDAREL622FA6	FALSE	FALSE
sub-NDAREM018TJQ	FALSE	TRUE
sub-NDAREM141CKP	FALSE	FALSE
sub-NDAREM731BYM	FALSE	TRUE
sub-NDAREN519BLJ	TRUE	FALSE
sub-NDARER840MKU	TRUE	FALSE
sub-NDARET332CTB	FALSE	FALSE
sub-NDARET550NXC	FALSE	TRUE
sub-NDARET632ELD	TRUE	FALSE
sub-NDARET653TAM	FALSE	FALSE
sub-NDARET893AK8	TRUE	FALSE
sub-NDARET949LMU	TRUE	FALSE
sub-NDAREU551GPC	FALSE	FALSE
sub-NDAREV970HAN	FALSE	TRUE
sub-NDAREW976FNL	TRUE	FALSE
sub-NDAREX091KUR	TRUE	FALSE
sub-NDAREY741MG9	TRUE	FALSE
sub-NDAREZ098ZPE	FALSE	FALSE
sub-NDARFA860RPD	FALSE	FALSE
sub-NDARFB575BAT	FALSE	TRUE
sub-NDARFD316UD2	FALSE	TRUE
sub-NDARFE163HVN	FALSE	TRUE
sub-NDARFG114VB1	FALSE	TRUE
sub-NDARFH674DWX	FALSE	FALSE
sub-NDARFJ100BDZ	TRUE	FALSE
sub-NDARFJ302HVD	FALSE	TRUE
sub-NDARFK610GY5	FALSE	TRUE
sub-NDARFL411AT1	FALSE	TRUE
sub-NDARFM080VAF	TRUE	FALSE
sub-NDARFN452VPC	FALSE	TRUE
sub-NDARFT581ZW5	TRUE	FALSE
sub-NDARFT834NT1	FALSE	FALSE
sub-NDARFW292PBD	FALSE	TRUE
sub-NDARFW444PN1	FALSE	TRUE
sub-NDARFW972KFQ	FALSE	TRUE
sub-NDARFX721WR8	FALSE	FALSE
sub-NDARFY075REK	TRUE	FALSE
sub-NDARFY612EMR	FALSE	TRUE
sub-NDARFZ296UNG	FALSE	FALSE
sub-NDARGB040MGR	FALSE	TRUE
sub-NDARGB441VVD	FALSE	TRUE
sub-NDARGC521HNP	FALSE	TRUE
sub-NDARGD507TDZ	FALSE	FALSE
sub-NDARGE366WNC	FALSE	TRUE
sub-NDARGE536BGD	FALSE	TRUE
sub-NDARGH407KVG	FALSE	FALSE
sub-NDARGH492CF1	FALSE	FALSE
sub-NDARGJ395FKP	FALSE	TRUE
sub-NDARGJ627BL2	TRUE	FALSE
sub-NDARGJ761GA8	FALSE	TRUE
sub-NDARGL107GFK	FALSE	TRUE
sub-NDARGL800LDW	FALSE	FALSE
sub-NDARGL834CMQ	TRUE	FALSE
sub-NDARGL963HU4	FALSE	TRUE
sub-NDARGM498YFL	FALSE	TRUE
sub-NDARGM540EV8	FALSE	TRUE
sub-NDARGN148MK2	FALSE	FALSE
sub-NDARGR106TJB	FALSE	TRUE
sub-NDARGR661YZG	FALSE	FALSE
sub-NDARGR875AXY	FALSE	TRUE
sub-NDARGT022BEW	FALSE	TRUE
sub-NDARGT267UZR	TRUE	FALSE
sub-NDARGU100JH4	FALSE	FALSE
sub-NDARGU485JJA	FALSE	TRUE
sub-NDARGU667MCK	FALSE	FALSE
sub-NDARGU729WUR	FALSE	TRUE
sub-NDARGV956EGX	FALSE	TRUE
sub-NDARGW362UJZ	TRUE	FALSE
sub-NDARGX001CB1	FALSE	TRUE
sub-NDARGY054ENV	FALSE	TRUE
sub-NDARGY148EVU	FALSE	FALSE
sub-NDARHB000YF8	FALSE	TRUE
sub-NDARHB772TE5	FALSE	TRUE
sub-NDARHB781DD8	TRUE	FALSE
sub-NDARHB993EV0	TRUE	FALSE
sub-NDARHC287ZF4	TRUE	FALSE
sub-NDARHC737MHK	TRUE	FALSE
sub-NDARHD059PEQ	FALSE	FALSE
sub-NDARHE236YLB	FALSE	FALSE
sub-NDARHF269ATU	FALSE	FALSE
sub-NDARHF904CWB	FALSE	TRUE
sub-NDARHJ126UW2	TRUE	FALSE
sub-NDARHJ523XGB	FALSE	TRUE
sub-NDARHK598YJC	FALSE	TRUE
sub-NDARHL238VL2	FALSE	TRUE
sub-NDARHM273AXL	FALSE	TRUE
sub-NDARHN131ZP6	FALSE	TRUE
sub-NDARHP176DPE	FALSE	TRUE
sub-NDARHP558MGA	FALSE	FALSE
sub-NDARHR443EHF	FALSE	TRUE
sub-NDARHR753ZKU	FALSE	TRUE
sub-NDARHR944BBY	FALSE	TRUE
sub-NDARHT218GFA	TRUE	FALSE
sub-NDARHU391FD7	FALSE	FALSE
sub-NDARHV527DNK	FALSE	FALSE
sub-NDARHW650FXU	FALSE	FALSE
sub-NDARHW718DTW	FALSE	TRUE
sub-NDARHX739YBW	FALSE	TRUE
sub-NDARHX877BLQ	FALSE	TRUE
sub-NDARHY177LY9	FALSE	TRUE
sub-NDARHZ439EBY	TRUE	FALSE
sub-NDARJD282HJ4	TRUE	FALSE
sub-NDARJE086YU0	TRUE	FALSE
sub-NDARJF045MHG	FALSE	TRUE
sub-NDARJH441HJD	TRUE	FALSE
sub-NDARJH925ZCD	FALSE	TRUE
sub-NDARJJ356DAL	TRUE	FALSE
sub-NDARJJ859RRW	TRUE	FALSE
sub-NDARJK910PDK	FALSE	TRUE
sub-NDARJL058RDV	FALSE	FALSE
sub-NDARJM708VGE	FALSE	TRUE
sub-NDARJM759GYH	FALSE	TRUE
sub-NDARJM828PAL	FALSE	FALSE
sub-NDARJP489HCE	FALSE	FALSE
sub-NDARJR525HTX	TRUE	FALSE
sub-NDARJR687LGX	FALSE	TRUE
sub-NDARJT523MV7	FALSE	FALSE
sub-NDARJT730WP0	FALSE	TRUE
sub-NDARJU766FBU	FALSE	FALSE
sub-NDARJU805JG5	FALSE	FALSE
sub-NDARJW315BUA	TRUE	FALSE
sub-NDARJX421FWR	TRUE	FALSE
sub-NDARJY033DKZ	FALSE	TRUE
sub-NDARJZ549HU8	TRUE	FALSE
sub-NDARJZ679KXJ	FALSE	TRUE
sub-NDARJZ715FE8	TRUE	FALSE
sub-NDARKA429EPF	FALSE	FALSE
sub-NDARKA627LF8	FALSE	TRUE
sub-NDARKD134TCX	TRUE	FALSE
sub-NDARKE331EHD	FALSE	TRUE
sub-NDARKG785VAJ	FALSE	FALSE
sub-NDARKG859AGN	FALSE	TRUE
sub-NDARKH421UB1	TRUE	FALSE
sub-NDARKL637YBF	FALSE	FALSE
sub-NDARKM497VKX	TRUE	FALSE
sub-NDARKM551DA4	FALSE	TRUE
sub-NDARKM635UY0	TRUE	FALSE
sub-NDARKR010EN7	FALSE	FALSE
sub-NDARKR195PL9	TRUE	FALSE
sub-NDARKU043JMU	FALSE	FALSE
sub-NDARKU278YRR	FALSE	TRUE
sub-NDARKW145LNX	FALSE	FALSE
sub-NDARKX346VTV	FALSE	TRUE
sub-NDARKX761BH9	TRUE	FALSE
sub-NDARLA395AG8	FALSE	FALSE
sub-NDARLA516PH1	TRUE	FALSE
sub-NDARLA623HN3	FALSE	TRUE
sub-NDARLB017MBJ	FALSE	TRUE
sub-NDARLB629BJ1	TRUE	FALSE
sub-NDARLC358CYJ	FALSE	TRUE
sub-NDARLC868GLL	FALSE	TRUE
sub-NDARLD990NH4	FALSE	FALSE
sub-NDARLE953JYU	FALSE	TRUE
sub-NDARLF283KJX	TRUE	FALSE
sub-NDARLF480DMW	FALSE	TRUE
sub-NDARLF616PBU	FALSE	TRUE
sub-NDARLG027HUK	FALSE	FALSE
sub-NDARLG890JDU	FALSE	TRUE
sub-NDARLG942AZ1	FALSE	FALSE
sub-NDARLH979WFX	FALSE	TRUE
sub-NDARLJ311YNA	FALSE	TRUE
sub-NDARLJ549WTT	FALSE	TRUE
sub-NDARLL720BGU	TRUE	FALSE
sub-NDARLV086DEH	FALSE	TRUE
sub-NDARLV387GP4	FALSE	FALSE
sub-NDARLW308UR0	FALSE	TRUE
sub-NDARLX816JUZ	FALSE	TRUE
sub-NDARLY067FD6	FALSE	FALSE
sub-NDARLY585ZVN	FALSE	TRUE
sub-NDARLZ104NDT	FALSE	TRUE
sub-NDARLZ228PCB	FALSE	FALSE
sub-NDARMC759CX3	FALSE	TRUE
sub-NDARMD575AXD	TRUE	FALSE
sub-NDARME656MTN	FALSE	TRUE
sub-NDARME930DE7	FALSE	FALSE
sub-NDARMG278GYH	FALSE	TRUE
sub-NDARMH625WKL	FALSE	TRUE
sub-NDARMH677JDM	FALSE	FALSE
sub-NDARMH763YZD	TRUE	FALSE
sub-NDARMJ219AKU	FALSE	FALSE
sub-NDARML148UCE	FALSE	FALSE
sub-NDARML926NEG	FALSE	TRUE
sub-NDARMM782KJK	TRUE	FALSE
sub-NDARMM878ZR1	FALSE	FALSE
sub-NDARMM905VYR	FALSE	TRUE
sub-NDARMM990URX	FALSE	FALSE
sub-NDARMR242UKQ	FALSE	TRUE
sub-NDARMR277TT7	FALSE	TRUE
sub-NDARMR491LM5	TRUE	FALSE
sub-NDARMT271DT6	FALSE	TRUE
sub-NDARMT898BME	FALSE	FALSE
sub-NDARMU053YEU	FALSE	TRUE
sub-NDARMU269TFY	FALSE	FALSE
sub-NDARMV247HRA	FALSE	FALSE
sub-NDARMV410ZFY	FALSE	TRUE
sub-NDARMW178UDD	FALSE	TRUE
sub-NDARMW252AJW	FALSE	TRUE
sub-NDARMY301WFK	FALSE	TRUE
sub-NDARMY533CYM	FALSE	TRUE
sub-NDARMY967HNA	FALSE	TRUE
sub-NDARMZ908DUR	FALSE	TRUE
sub-NDARNB824ARJ	FALSE	TRUE
sub-NDARND085WZK	FALSE	TRUE
sub-NDARNE758RD6	FALSE	TRUE
sub-NDARNE767VAJ	FALSE	TRUE
sub-NDARNF384JN0	FALSE	FALSE
sub-NDARNF766VW2	TRUE	FALSE
sub-NDARNF954MK3	FALSE	TRUE
sub-NDARNF994TPA	TRUE	FALSE
sub-NDARNG689AAP	FALSE	TRUE
sub-NDARNJ894VH2	FALSE	TRUE
sub-NDARNL599TMZ	FALSE	TRUE
sub-NDARNM624PDC	FALSE	TRUE
sub-NDARNM834MY9	FALSE	TRUE
sub-NDARNN218UGY	FALSE	FALSE
sub-NDARNP399JVF	FALSE	FALSE
sub-NDARNP939DDQ	FALSE	TRUE
sub-NDARNR773DL4	TRUE	FALSE
sub-NDARNT042GRA	FALSE	TRUE
sub-NDARNT572CMD	FALSE	TRUE
sub-NDARNT939YMG	FALSE	TRUE
sub-NDARNU249EDF	FALSE	FALSE
sub-NDARNU282ZYZ	FALSE	FALSE
sub-NDARNW182PJC	FALSE	TRUE
sub-NDARNW218ZBU	FALSE	TRUE
sub-NDARNW687HMZ	TRUE	FALSE
sub-NDARNW797PD6	FALSE	TRUE
sub-NDARNX795LFK	TRUE	FALSE
sub-NDARNY964EA0	FALSE	TRUE
sub-NDARNZ615UEU	FALSE	TRUE
sub-NDARPC817XZ5	FALSE	TRUE
sub-NDARPD977VX2	TRUE	FALSE
sub-NDARPE596LZL	FALSE	TRUE
sub-NDARPF179GNV	TRUE	FALSE
sub-NDARPK339NA6	FALSE	FALSE
sub-NDARPL306LC6	FALSE	TRUE
sub-NDARPL721WTD	TRUE	FALSE
sub-NDARPM105MKA	FALSE	TRUE
sub-NDARPN418ZKT	TRUE	FALSE
sub-NDARPP703NX4	FALSE	FALSE
sub-NDARPU897CM5	FALSE	TRUE
sub-NDARPV249ZRF	TRUE	FALSE
sub-NDARPW482TVE	FALSE	TRUE
sub-NDARPX155RF3	TRUE	FALSE
sub-NDARPX219TW0	FALSE	TRUE
sub-NDARPX244EHJ	FALSE	TRUE
sub-NDARPZ621ZLE	FALSE	TRUE
sub-NDARRA314KW4	FALSE	TRUE
sub-NDARRA733VWX	FALSE	TRUE
sub-NDARRC819NLC	FALSE	FALSE
sub-NDARRD326KB9	FALSE	TRUE
sub-NDARRD720XZK	FALSE	TRUE
sub-NDARRE333EKT	FALSE	FALSE
sub-NDARRF897HB5	TRUE	FALSE
sub-NDARRG199RU4	FALSE	TRUE
sub-NDARRG415BJM	FALSE	TRUE
sub-NDARRG735TU5	FALSE	TRUE
sub-NDARRH407MEY	FALSE	TRUE
sub-NDARRH725XYA	FALSE	TRUE
sub-NDARRJ728NMD	FALSE	FALSE
sub-NDARRK457MBX	FALSE	FALSE
sub-NDARRL660CME	FALSE	TRUE
sub-NDARRM467NP2	FALSE	FALSE
sub-NDARRN619WHY	FALSE	FALSE
sub-NDARRP592GHK	FALSE	TRUE
sub-NDARRP818DWL	FALSE	TRUE
sub-NDARRU501YED	FALSE	FALSE
sub-NDARRV638MJV	TRUE	FALSE
sub-NDARRW100AU0	TRUE	FALSE
sub-NDARRY112RAK	FALSE	TRUE
sub-NDARRZ199KNG	FALSE	TRUE
sub-NDARRZ979FZ4	TRUE	FALSE
sub-NDARTA808DEQ	FALSE	TRUE
sub-NDARTB552HP0	FALSE	TRUE
sub-NDARTD468TUH	FALSE	FALSE
sub-NDARTD640PC5	TRUE	FALSE
sub-NDARTE785ZMJ	TRUE	FALSE
sub-NDARTF133LLM	FALSE	TRUE
sub-NDARTF833WXB	FALSE	TRUE
sub-NDARTG464MWG	TRUE	FALSE
sub-NDARTG810FRE	FALSE	TRUE
sub-NDARTH610GMK	FALSE	TRUE
sub-NDARTJ032FJ2	FALSE	TRUE
sub-NDARTJ418GP0	FALSE	TRUE
sub-NDARTK185PBH	FALSE	FALSE
sub-NDARTK657DV6	FALSE	TRUE
sub-NDARTL336THT	TRUE	FALSE
sub-NDARTN158LRF	TRUE	FALSE
sub-NDARTP190KAN	FALSE	FALSE
sub-NDARTP313AGH	FALSE	TRUE
sub-NDARTR365NCY	FALSE	TRUE
sub-NDARTR811WH9	FALSE	FALSE
sub-NDARTR840XP1	FALSE	TRUE
sub-NDARTT242GNN	FALSE	FALSE
sub-NDARTU768MY1	FALSE	TRUE
sub-NDARTW939GJF	FALSE	TRUE
sub-NDARTX012JHM	FALSE	TRUE
sub-NDARTX659HAF	FALSE	TRUE
sub-NDARTX934NH6	FALSE	FALSE
sub-NDARUA421HT8	FALSE	FALSE
sub-NDARUD764NFJ	FALSE	FALSE
sub-NDARUE533XNH	FALSE	TRUE
sub-NDARUF069EHR	FALSE	TRUE
sub-NDARUF389TXE	TRUE	FALSE
sub-NDARUF935UL3	TRUE	FALSE
sub-NDARUG507AZX	TRUE	FALSE
sub-NDARUJ646APQ	FALSE	TRUE
sub-NDARUJ962NZB	FALSE	TRUE
sub-NDARUL224GN6	FALSE	TRUE
sub-NDARUL341DD2	FALSE	TRUE
sub-NDARUL881JR9	TRUE	FALSE
sub-NDARUM569EV1	FALSE	TRUE
sub-NDARUM991EE8	TRUE	FALSE
sub-NDARUN221VCJ	TRUE	FALSE
sub-NDARUN300FG1	TRUE	FALSE
sub-NDARUP101NXA	FALSE	TRUE
sub-NDARUR987CDM	FALSE	TRUE
sub-NDARUT607MWK	FALSE	TRUE
sub-NDARUV263YB5	FALSE	TRUE
sub-NDARUV418FB8	FALSE	TRUE
sub-NDARUW904FMQ	TRUE	FALSE
sub-NDARUX114RGJ	FALSE	TRUE
sub-NDARUX216VHK	FALSE	TRUE
sub-NDARUY876VL1	FALSE	FALSE
sub-NDARVB297WUM	TRUE	FALSE
sub-NDARVB607WW4	FALSE	TRUE
sub-NDARVB811FVD	FALSE	FALSE
sub-NDARVC246ZY8	FALSE	TRUE
sub-NDARVD547NLC	FALSE	FALSE
sub-NDARVD685RRJ	FALSE	TRUE
sub-NDARVE724GEF	TRUE	FALSE
sub-NDARVG148WHV	FALSE	TRUE
sub-NDARVG436WGG	FALSE	TRUE
sub-NDARVG461LA2	FALSE	TRUE
sub-NDARVG618BM6	TRUE	FALSE
sub-NDARVG971CHH	FALSE	TRUE
sub-NDARVH070WH6	FALSE	TRUE
sub-NDARVJ504DAA	FALSE	FALSE
sub-NDARVL555VVA	FALSE	TRUE
sub-NDARVM685MER	FALSE	TRUE
sub-NDARVN415VF6	FALSE	TRUE
sub-NDARVN469KP6	FALSE	TRUE
sub-NDARVN646NZP	FALSE	TRUE
sub-NDARVN666JV7	FALSE	TRUE
sub-NDARVP281CJ4	TRUE	FALSE
sub-NDARVU683CTN	FALSE	TRUE
sub-NDARVV248VW0	FALSE	TRUE
sub-NDARVX162AZU	FALSE	TRUE
sub-NDARVX292KKC	FALSE	FALSE
sub-NDARVX337AC0	FALSE	TRUE
sub-NDARWA513WM2	FALSE	TRUE
sub-NDARWA622HHZ	TRUE	FALSE
sub-NDARWB124EMA	TRUE	FALSE
sub-NDARWB685NUG	FALSE	TRUE
sub-NDARWC737UJ0	TRUE	FALSE
sub-NDARWC925WDX	FALSE	FALSE
sub-NDARWF122UUJ	FALSE	FALSE
sub-NDARWG831JJ8	FALSE	TRUE
sub-NDARWJ019VGU	FALSE	FALSE
sub-NDARWJ087HKJ	FALSE	TRUE
sub-NDARWK065NJ9	FALSE	FALSE
sub-NDARWM319UU2	TRUE	FALSE
sub-NDARWM654UTC	FALSE	FALSE
sub-NDARWP954GPJ	FALSE	FALSE
sub-NDARWR732NZE	FALSE	TRUE
sub-NDARWR881WMX	FALSE	TRUE
sub-NDARWV155PRG	FALSE	FALSE
sub-NDARWV405ZW0	FALSE	TRUE
sub-NDARWV677EFC	FALSE	TRUE
sub-NDARWW003WWW	FALSE	FALSE
sub-NDARWW005GCU	FALSE	TRUE
sub-NDARWW901MTC	FALSE	FALSE
sub-NDARWX033HYK	FALSE	TRUE
sub-NDARWX338NDL	FALSE	TRUE
sub-NDARWX380JJK	TRUE	FALSE
sub-NDARWY198BVY	FALSE	FALSE
sub-NDARWZ283CWB	FALSE	TRUE
sub-NDARWZ495PG4	FALSE	TRUE
sub-NDARWZ709DLY	FALSE	TRUE
sub-NDARXB704HFD	FALSE	TRUE
sub-NDARXC418YG7	TRUE	FALSE
sub-NDARXC534KT4	TRUE	FALSE
sub-NDARXC826NW7	TRUE	FALSE
sub-NDARXC878WB2	TRUE	FALSE
sub-NDARXD325BGG	FALSE	FALSE
sub-NDARXD388TTE	TRUE	FALSE
sub-NDARXE684LUY	TRUE	FALSE
sub-NDARXF203DCD	FALSE	TRUE
sub-NDARXF441RHQ	TRUE	FALSE
sub-NDARXF623GEL	FALSE	FALSE
sub-NDARXF956ZU6	FALSE	TRUE
sub-NDARXG469XGP	FALSE	TRUE
sub-NDARXG736VP9	FALSE	FALSE
sub-NDARXH017ZLE	TRUE	FALSE
sub-NDARXH597ML1	FALSE	TRUE
sub-NDARXJ468UGL	FALSE	TRUE
sub-NDARXJ696AMX	FALSE	TRUE
sub-NDARXK164TNN	FALSE	FALSE
sub-NDARXK462WRZ	FALSE	TRUE
sub-NDARXL523GHX	FALSE	TRUE
sub-NDARXM398VU8	FALSE	FALSE
sub-NDARXN047RUT	FALSE	FALSE
sub-NDARXN719LXU	FALSE	TRUE
sub-NDARXR965TFK	TRUE	FALSE
sub-NDARXT792GY8	TRUE	FALSE
sub-NDARXU253JHC	TRUE	FALSE
sub-NDARXU679ZE8	FALSE	TRUE
sub-NDARXU715EGL	FALSE	TRUE
sub-NDARXW933TUJ	FALSE	TRUE
sub-NDARXX895FNJ	FALSE	TRUE
sub-NDARXY162ERA	TRUE	FALSE
sub-NDARXY337ZH9	FALSE	TRUE
sub-NDARXY938XY7	FALSE	TRUE
sub-NDARXZ685TU4	FALSE	TRUE
sub-NDARYA496WZD	FALSE	FALSE
sub-NDARYB204HKD	FALSE	TRUE
sub-NDARYD546HCB	TRUE	FALSE
sub-NDARYE814TBX	FALSE	FALSE
sub-NDARYF135ZHU	TRUE	FALSE
sub-NDARYH110YV9	FALSE	TRUE
sub-NDARYH480GTD	FALSE	FALSE
sub-NDARYH996DA9	TRUE	FALSE
sub-NDARYJ389DWX	FALSE	FALSE
sub-NDARYJ536MCR	TRUE	FALSE
sub-NDARYK942YHY	TRUE	FALSE
sub-NDARYL272HDW	FALSE	TRUE
sub-NDARYL438DCK	FALSE	TRUE
sub-NDARYL758JGG	FALSE	TRUE
sub-NDARYM257RR6	FALSE	TRUE
sub-NDARYM832PX3	FALSE	FALSE
sub-NDARYN484LLR	FALSE	TRUE
sub-NDARYP516VUU	FALSE	TRUE
sub-NDARYR538EP0	FALSE	FALSE
sub-NDARYR771VED	FALSE	FALSE
sub-NDARYT389KC1	FALSE	TRUE
sub-NDARYT885XH3	FALSE	TRUE
sub-NDARYU323ZDJ	TRUE	FALSE
sub-NDARYU620RH9	TRUE	FALSE
sub-NDARYW903VN8	FALSE	TRUE
sub-NDARYX551LBY	TRUE	FALSE
sub-NDARYY218AGA	FALSE	TRUE
sub-NDARYY218LU2	FALSE	FALSE
sub-NDARYZ143NTF	FALSE	FALSE
sub-NDARYZ408VWW	FALSE	TRUE
sub-NDARYZ770NA1	FALSE	TRUE
sub-NDARZA694WHF	FALSE	TRUE
sub-NDARZB377WZJ	FALSE	TRUE
sub-NDARZC499NVX	FALSE	TRUE
sub-NDARZD415ZZ1	TRUE	FALSE
sub-NDARZD991YLG	FALSE	TRUE
sub-NDARZE542ZVH	FALSE	FALSE
sub-NDARZF949WTW	TRUE	FALSE
sub-NDARZG263HRK	FALSE	TRUE
sub-NDARZH451LRZ	FALSE	TRUE
sub-NDARZH517ZVK	TRUE	FALSE
sub-NDARZH629NVF	FALSE	FALSE
sub-NDARZH761YA7	TRUE	FALSE
sub-NDARZJ016GL0	FALSE	TRUE
sub-NDARZJ460RWZ	FALSE	TRUE
sub-NDARZJ607YLU	FALSE	TRUE
sub-NDARZL724HAX	TRUE	FALSE
sub-NDARZN277NR6	FALSE	TRUE
sub-NDARZN899JCM	FALSE	TRUE
sub-NDARZP564MHU	FALSE	TRUE
sub-NDARZP630WYL	FALSE	FALSE
sub-NDARZR567HWG	FALSE	TRUE
sub-NDARZT772PU4	FALSE	FALSE
sub-NDARZV608BL8	FALSE	TRUE
sub-NDARZV766YXP	FALSE	TRUE
sub-NDARZW013RUH	TRUE	FALSE
sub-NDARZX561DR9	TRUE	FALSE
sub-NDARZY019GNZ	TRUE	FALSE
sub-NDARAB793GL3	FALSE	TRUE
sub-NDARAH948UF0	FALSE	TRUE
sub-NDARAM675UR8	TRUE	FALSE
sub-NDARAN814UPR	FALSE	TRUE
sub-NDARAP176AD1	FALSE	TRUE
sub-NDARAV031PPJ	FALSE	FALSE
sub-NDARBA680RFY	FALSE	TRUE
sub-NDARBF176LPM	FALSE	FALSE
sub-NDARBM839WR5	FALSE	TRUE
sub-NDARBR740NKV	FALSE	TRUE
sub-NDARBU607ZZ3	FALSE	TRUE
sub-NDARBU730PN8	FALSE	TRUE
sub-NDARBV680AA8	FALSE	TRUE
sub-NDARBX974XDR	FALSE	TRUE
sub-NDARCD543VK6	FALSE	TRUE
sub-NDARCM135DVC	TRUE	FALSE
sub-NDARCT974NAJ	FALSE	TRUE
sub-NDARCU957PGQ	TRUE	FALSE
sub-NDARCW933FD5	FALSE	TRUE
sub-NDARCZ770BRG	FALSE	TRUE
sub-NDARDC987BMU	FALSE	TRUE
sub-NDARDD531EP2	TRUE	FALSE
sub-NDARDH270YR5	TRUE	FALSE
sub-NDARDR067YMC	FALSE	TRUE
sub-NDARDT528ZZJ	FALSE	TRUE
sub-NDARDW416KWZ	TRUE	FALSE
sub-NDARDW741HCF	TRUE	FALSE
sub-NDARDZ058NZN	TRUE	FALSE
sub-NDAREB662RLE	FALSE	TRUE
sub-NDAREC377AU2	FALSE	TRUE
sub-NDAREF893ZM8	FALSE	TRUE
sub-NDAREH074NG8	TRUE	FALSE
sub-NDAREJ923AYR	FALSE	FALSE
sub-NDAREM333CK5	FALSE	FALSE
sub-NDAREM500WWH	TRUE	FALSE
sub-NDAREV527ZRF	FALSE	TRUE
sub-NDAREV601CE7	FALSE	TRUE
sub-NDAREY778CR9	FALSE	TRUE
sub-NDARFD822TY5	FALSE	FALSE
sub-NDARFF070XHV	FALSE	TRUE
sub-NDARFK477WX9	FALSE	TRUE
sub-NDARFR108JNB	TRUE	FALSE
sub-NDARFT305CG1	TRUE	FALSE
sub-NDARFY009MNL	FALSE	TRUE
sub-NDARGA056TMW	FALSE	TRUE
sub-NDARGB324PM1	FALSE	FALSE
sub-NDARGE946RCB	TRUE	FALSE
sub-NDARGG205WVN	FALSE	TRUE
sub-NDARGH775KF5	FALSE	TRUE
sub-NDARGJ878ZP4	TRUE	FALSE
sub-NDARGV781AMW	FALSE	TRUE
sub-NDARGZ038DRL	TRUE	FALSE
sub-NDARHA387FPM	FALSE	TRUE
sub-NDARHB764VZ2	FALSE	TRUE
sub-NDARHJ945PV0	TRUE	FALSE
sub-NDARHM421JUP	TRUE	FALSE
sub-NDARHN158DC6	TRUE	FALSE
sub-NDARHP924ZHW	FALSE	FALSE
sub-NDARHU211PYD	FALSE	FALSE
sub-NDARHU423YXP	FALSE	TRUE
sub-NDARHU831NXU	FALSE	FALSE
sub-NDARHX145ZKV	FALSE	FALSE
sub-NDARHY255FVU	TRUE	FALSE
sub-NDARHZ255RA6	FALSE	FALSE
sub-NDARHZ923PAH	FALSE	FALSE
sub-NDARJA157YB3	FALSE	TRUE
sub-NDARJD387HWG	FALSE	TRUE
sub-NDARJG300HWH	FALSE	TRUE
sub-NDARJG488XHT	TRUE	FALSE
sub-NDARJM239GN4	FALSE	TRUE
sub-NDARJT517YHZ	FALSE	TRUE
sub-NDARJV268PNW	FALSE	TRUE
sub-NDARJZ089HVP	FALSE	TRUE
sub-NDARKC143BEE	TRUE	FALSE
sub-NDARKC880ZHY	FALSE	TRUE
sub-NDARKE650TFQ	FALSE	FALSE
sub-NDARKG718VF7	FALSE	TRUE
sub-NDARKH837TB2	TRUE	FALSE
sub-NDARKV965WLU	FALSE	FALSE
sub-NDARKW738AMY	TRUE	FALSE
sub-NDARKY667THK	FALSE	TRUE
sub-NDARLD016VCA	FALSE	TRUE
sub-NDARLJ356HAQ	FALSE	FALSE
sub-NDARLK181GL4	FALSE	TRUE
sub-NDARLN070VX7	FALSE	TRUE
sub-NDARLP624GFH	TRUE	FALSE
sub-NDARLU606ZDD	FALSE	FALSE
sub-NDARMF116AFR	FALSE	TRUE
sub-NDARML406ZB8	TRUE	FALSE
sub-NDARMM326JCB	FALSE	TRUE
sub-NDARMP745EAC	FALSE	TRUE
sub-NDARMR570GJ5	FALSE	TRUE
sub-NDARMT064WBB	TRUE	FALSE
sub-NDARMT732GKM	FALSE	TRUE
sub-NDARMT784NED	TRUE	FALSE
sub-NDARMZ200GVD	TRUE	FALSE
sub-NDARMZ518UH1	TRUE	FALSE
sub-NDARND348HB3	FALSE	TRUE
sub-NDARNU137XR4	TRUE	FALSE
sub-NDARNV399BV4	TRUE	FALSE
sub-NDARNX218UY5	FALSE	FALSE
sub-NDARNY217PLD	FALSE	FALSE
sub-NDARPB984UTU	FALSE	TRUE
sub-NDARPD517MDH	FALSE	TRUE
sub-NDARPH844KP2	FALSE	TRUE
sub-NDARPW313LAJ	TRUE	FALSE
sub-NDARPW577WJ7	FALSE	TRUE
sub-NDARPW635LN4	TRUE	FALSE
sub-NDARRA717GYV	FALSE	TRUE
sub-NDARRB942UWU	FALSE	FALSE
sub-NDARRP163YRC	TRUE	FALSE
sub-NDARRT038VG1	FALSE	TRUE
sub-NDARRV480PU1	FALSE	TRUE
sub-NDARRY280KNW	TRUE	FALSE
sub-NDARRZ653HKY	TRUE	FALSE
sub-NDARTB219AJV	TRUE	FALSE
sub-NDARTG035JK8	FALSE	TRUE
sub-NDARTK933KL9	FALSE	TRUE
sub-NDARTN487KDK	TRUE	FALSE
sub-NDARTU777GVV	FALSE	TRUE
sub-NDARTW855BPJ	FALSE	TRUE
sub-NDARTX795AKR	FALSE	FALSE
sub-NDARTZ926NMZ	TRUE	FALSE
sub-NDARUL250RA6	FALSE	FALSE
sub-NDARUL456EER	TRUE	FALSE
sub-NDARUL945XUU	FALSE	TRUE
sub-NDARUP249AMD	FALSE	TRUE
sub-NDARUT018UYN	FALSE	TRUE
sub-NDARUW816MP3	TRUE	FALSE
sub-NDARUZ206DRV	TRUE	FALSE
sub-NDARVD635FX8	TRUE	FALSE
sub-NDARVM025NCF	FALSE	TRUE
sub-NDARVV174JHW	TRUE	FALSE
sub-NDARVV199XK2	TRUE	FALSE
sub-NDARVY366HWJ	TRUE	FALSE
sub-NDARWP595TE6	TRUE	FALSE
sub-NDARWT389BYY	FALSE	TRUE
sub-NDARWT449PUN	FALSE	TRUE
sub-NDARWV449GEM	FALSE	FALSE
sub-NDARWY235XNE	TRUE	FALSE
sub-NDARXK076XU8	FALSE	FALSE
sub-NDARXY745NXJ	TRUE	FALSE
sub-NDARYD195BDH	TRUE	FALSE
sub-NDARYG546ZFF	TRUE	FALSE
sub-NDARYL124VM6	TRUE	FALSE
sub-NDARYR150UDP	TRUE	FALSE
sub-NDARYT405NET	FALSE	TRUE
sub-NDARYZ363HP4	FALSE	FALSE
sub-NDARYZ909VND	FALSE	TRUE
sub-NDARZB323LHZ	FALSE	TRUE
sub-NDARZD099KWW	FALSE	TRUE
sub-NDARZK732FZ0	FALSE	TRUE
sub-NDARZL855WVA	FALSE	TRUE
sub-NDARZW930MF2	FALSE	TRUE
sub-NDARAA948VFH	TRUE	FALSE
sub-NDARAC853DTE	FALSE	TRUE
sub-NDARAD774HAZ	FALSE	TRUE
sub-NDARAE828CML	FALSE	TRUE
sub-NDARAG340ERT	FALSE	TRUE
sub-NDARAM873GAC	TRUE	FALSE
sub-NDARAP782TVC	FALSE	FALSE
sub-NDARAV519RND	FALSE	TRUE
sub-NDARAV610EY3	FALSE	TRUE
sub-NDARBA839HLG	FALSE	TRUE
sub-NDARBE641DGZ	TRUE	FALSE
sub-NDARBG574KF4	TRUE	FALSE
sub-NDARBG831VK4	FALSE	TRUE
sub-NDARBJ159HXB	TRUE	FALSE
sub-NDARBM642JFT	FALSE	TRUE
sub-NDARBU668NTV	TRUE	FALSE
sub-NDARBU757VJK	FALSE	TRUE
sub-NDARCD357CZR	TRUE	FALSE
sub-NDARCH881EFG	FALSE	TRUE
sub-NDARCK647MU6	FALSE	TRUE
sub-NDARCL016NHB	FALSE	TRUE
sub-NDARCL105LUE	FALSE	FALSE
sub-NDARCL895UV8	FALSE	FALSE
sub-NDARCU118LMX	FALSE	FALSE
sub-NDARCU865PBV	FALSE	FALSE
sub-NDARCV944JA6	FALSE	TRUE
sub-NDARCW611MK5	FALSE	FALSE
sub-NDARCY178KJP	TRUE	FALSE
sub-NDARDC389TLD	FALSE	TRUE
sub-NDARDE294HNX	TRUE	FALSE
sub-NDARDF373ZDW	FALSE	TRUE
sub-NDARDH934MUV	TRUE	FALSE
sub-NDARDJ947WXC	FALSE	FALSE
sub-NDARDM385EK2	FALSE	TRUE
sub-NDARDR296XHN	FALSE	TRUE
sub-NDARDX561MRY	TRUE	FALSE
sub-NDARDY150ZP9	FALSE	TRUE
sub-NDAREC542MH3	FALSE	TRUE
sub-NDAREF389RY2	TRUE	FALSE
sub-NDAREK549XUQ	TRUE	FALSE
sub-NDAREK801BPB	TRUE	FALSE
sub-NDAREM155HGQ	FALSE	TRUE
sub-NDAREM887YY8	TRUE	FALSE
sub-NDAREY512KVX	TRUE	FALSE
sub-NDARFA402LMW	FALSE	TRUE
sub-NDARFA815FXE	TRUE	FALSE
sub-NDARFB908HVX	TRUE	FALSE
sub-NDARFF644ZGD	FALSE	TRUE
sub-NDARFG757CEU	FALSE	TRUE
sub-NDARFV557XAA	TRUE	FALSE
sub-NDARFV780ABD	FALSE	TRUE
sub-NDARGA499CKF	TRUE	FALSE
sub-NDARGB102NWJ	FALSE	TRUE
sub-NDARGF192VD1	FALSE	TRUE
sub-NDARGF367KVL	FALSE	TRUE
sub-NDARGH790CEF	TRUE	FALSE
sub-NDARGK736HF4	TRUE	FALSE
sub-NDARGL359WZA	FALSE	FALSE
sub-NDARGT551AFK	FALSE	TRUE
sub-NDARGT682ZWN	FALSE	TRUE
sub-NDARGW404GJL	FALSE	TRUE
sub-NDARGX173AC3	FALSE	TRUE
sub-NDARHC462NGR	TRUE	FALSE
sub-NDARHD507TEF	FALSE	TRUE
sub-NDARHF150FDY	FALSE	TRUE
sub-NDARHF351AA6	TRUE	FALSE
sub-NDARHG321LLD	TRUE	FALSE
sub-NDARHM413HVA	FALSE	TRUE
sub-NDARHR372GJ7	FALSE	TRUE
sub-NDARHR763RB4	FALSE	TRUE
sub-NDARJB027GMR	FALSE	FALSE
sub-NDARJB355YHK	TRUE	FALSE
sub-NDARJF027UGB	FALSE	TRUE
sub-NDARJG477THE	TRUE	FALSE
sub-NDARJG821GH3	FALSE	FALSE
sub-NDARJH513HZX	FALSE	TRUE
sub-NDARJJ343TR0	FALSE	TRUE
sub-NDARJM618NZH	FALSE	FALSE
sub-NDARJP444DZM	FALSE	TRUE
sub-NDARJT556KAM	TRUE	FALSE
sub-NDARJV377HG4	TRUE	FALSE
sub-NDARJW373UE3	FALSE	TRUE
sub-NDARJY141RFE	TRUE	FALSE
sub-NDARJY747PRJ	FALSE	TRUE
sub-NDARJZ274PRQ	FALSE	TRUE
sub-NDARJZ526HN3	FALSE	TRUE
sub-NDARKA085YRG	TRUE	FALSE
sub-NDARKM941XLL	TRUE	FALSE
sub-NDARKP815KPZ	TRUE	FALSE
sub-NDARKT811ATJ	TRUE	FALSE
sub-NDARKU198KFL	FALSE	TRUE
sub-NDARKU616UBL	FALSE	TRUE
sub-NDARKX701BJ4	FALSE	TRUE
sub-NDARLF142AF5	FALSE	TRUE
sub-NDARLJ654TZ0	FALSE	TRUE
sub-NDARLJ886BFK	TRUE	FALSE
sub-NDARLK963HXP	TRUE	FALSE
sub-NDARLL914UW4	FALSE	TRUE
sub-NDARLN778RYN	FALSE	TRUE
sub-NDARLR030EW6	FALSE	TRUE
sub-NDARLX836EHJ	TRUE	FALSE
sub-NDARMC760NEC	TRUE	FALSE
sub-NDARMJ849UKD	FALSE	TRUE
sub-NDARML024FF2	FALSE	TRUE
sub-NDARMM005DLK	FALSE	TRUE
sub-NDARMM137PT6	FALSE	TRUE
sub-NDARMM951YEH	FALSE	FALSE
sub-NDARMN376BMF	FALSE	TRUE
sub-NDARMR039JV5	FALSE	TRUE
sub-NDARMU161LHN	TRUE	FALSE
sub-NDARMV718DYL	FALSE	FALSE
sub-NDARMZ687XRR	FALSE	TRUE
sub-NDARNA768ZAK	FALSE	FALSE
sub-NDARNK329VC3	TRUE	FALSE
sub-NDARNK768THB	FALSE	TRUE
sub-NDARNM783ZVV	TRUE	FALSE
sub-NDARNP370WGP	FALSE	FALSE
sub-NDARNT541VT2	FALSE	TRUE
sub-NDARNU497GTX	FALSE	FALSE
sub-NDARPA827UBJ	TRUE	FALSE
sub-NDARPE056ACA	FALSE	TRUE
sub-NDARPV145KGL	FALSE	TRUE
sub-NDARPW786GC4	FALSE	TRUE
sub-NDARRA767WB7	TRUE	FALSE
sub-NDARRC190NKB	TRUE	FALSE
sub-NDARRG499ZWN	TRUE	FALSE
sub-NDARRK882CLT	FALSE	TRUE
sub-NDARRL685WB7	FALSE	FALSE
sub-NDARRM586XYL	FALSE	TRUE
sub-NDARRW940BL6	FALSE	TRUE
sub-NDARRX443NVT	FALSE	TRUE
sub-NDARRX819BZ0	TRUE	FALSE
sub-NDARRY715CY4	FALSE	FALSE
sub-NDARTB883GUN	FALSE	TRUE
sub-NDARTC802PGL	FALSE	TRUE
sub-NDARTE424BUF	TRUE	FALSE
sub-NDARTF566PYH	FALSE	FALSE
sub-NDARTH473LF8	FALSE	TRUE
sub-NDARTK691PJJ	TRUE	FALSE
sub-NDARTK834FT9	FALSE	TRUE
sub-NDARTK878GZK	FALSE	TRUE
sub-NDARTK950DY5	TRUE	FALSE
sub-NDARTP795WU2	FALSE	TRUE
sub-NDARTW850GHU	FALSE	FALSE
sub-NDARUF152ARR	TRUE	FALSE
sub-NDARUG323DM3	TRUE	FALSE
sub-NDARUJ779NM0	FALSE	TRUE
sub-NDARUM791WPF	FALSE	TRUE
sub-NDARUX284GGB	FALSE	FALSE
sub-NDARUX886JLM	TRUE	FALSE
sub-NDARUY811CYU	TRUE	FALSE
sub-NDARVG597HNL	FALSE	TRUE
sub-NDARVJ685ZW5	TRUE	FALSE
sub-NDARVP135ZGE	FALSE	FALSE
sub-NDARVT488RXJ	FALSE	TRUE
sub-NDARVY054WEA	TRUE	FALSE
sub-NDARWA351ZE2	TRUE	FALSE
sub-NDARWA544RDT	TRUE	FALSE
sub-NDARWD655AAA	FALSE	FALSE
sub-NDARWH778CPD	FALSE	TRUE
sub-NDARWP634RZL	TRUE	FALSE
sub-NDARWV625CRP	TRUE	FALSE
sub-NDARWZ024UYK	FALSE	TRUE
sub-NDARXB889WUB	FALSE	TRUE
sub-NDARXD944ZXV	FALSE	TRUE
sub-NDARXG108HK2	TRUE	FALSE
sub-NDARXG571WPL	FALSE	TRUE
sub-NDARXR637JER	FALSE	TRUE
sub-NDARXT325FV6	TRUE	FALSE
sub-NDARXT822TAA	FALSE	TRUE
sub-NDARXU018RGY	TRUE	FALSE
sub-NDARXU902BRT	FALSE	TRUE
sub-NDARXV445NYZ	TRUE	FALSE
sub-NDARXY240WJC	FALSE	TRUE
sub-NDARYB432MB5	FALSE	TRUE
sub-NDARYD071TYL	FALSE	TRUE
sub-NDARYF368WEA	FALSE	TRUE
sub-NDARYF728BEP	FALSE	TRUE
sub-NDARYT155NHX	FALSE	TRUE
sub-NDARYV120ZLG	FALSE	FALSE
sub-NDARZE831DKC	FALSE	TRUE
sub-NDARZE850WXD	TRUE	FALSE
sub-NDARZJ603JM0	FALSE	TRUE
sub-NDARZR412TBP	FALSE	TRUE
sub-NDARZU822WN3	TRUE	FALSE
sub-NDARAC349YUC	FALSE	TRUE
sub-NDARAC350BZ0	FALSE	TRUE
sub-NDARAD232HVV	FALSE	FALSE
sub-NDARAD615WLJ	TRUE	FALSE
sub-NDARAG584XLU	FALSE	TRUE
sub-NDARAH503YG1	TRUE	FALSE
sub-NDARAX272ZJL	FALSE	TRUE
sub-NDARAX283MAK	FALSE	TRUE
sub-NDARAX887JRN	FALSE	TRUE
sub-NDARAY461TZZ	FALSE	TRUE
sub-NDARBB118UDB	FALSE	TRUE
sub-NDARBC296PLU	TRUE	FALSE
sub-NDARBC734UVY	TRUE	FALSE
sub-NDARBJ482HJL	FALSE	TRUE
sub-NDARBL444FBA	FALSE	TRUE
sub-NDARBL935ZUA	FALSE	FALSE
sub-NDARBR128UFP	FALSE	TRUE
sub-NDARBT607PZL	FALSE	TRUE
sub-NDARBT640EBN	FALSE	TRUE
sub-NDARBU098PJT	FALSE	TRUE
sub-NDARBU532YXZ	FALSE	TRUE
sub-NDARBU928LV0	FALSE	TRUE
sub-NDARBV059CGE	TRUE	FALSE
sub-NDARBV167RMU	FALSE	TRUE
sub-NDARBV577EE0	FALSE	TRUE
sub-NDARBZ913ZB9	FALSE	TRUE
sub-NDARCC140AAK	FALSE	TRUE
sub-NDARCF052AE0	FALSE	TRUE
sub-NDARCG037CX4	TRUE	FALSE
sub-NDARCG947ZC0	TRUE	FALSE
sub-NDARCH001CN2	FALSE	TRUE
sub-NDARCM826PV9	TRUE	FALSE
sub-NDARCU001ZN7	FALSE	TRUE
sub-NDARCW497XW2	TRUE	FALSE
sub-NDARCW946WNE	FALSE	TRUE
sub-NDARCX053GU5	TRUE	FALSE
sub-NDARCZ915NC1	FALSE	TRUE
sub-NDARDA665DRH	TRUE	FALSE
sub-NDARDE283PLC	FALSE	TRUE
sub-NDARDE597GKQ	FALSE	TRUE
sub-NDARDF568GL5	TRUE	FALSE
sub-NDARDG929LYJ	FALSE	TRUE
sub-NDARDJ092YKH	FALSE	TRUE
sub-NDARDK197BHM	FALSE	TRUE
sub-NDARDL129FV3	FALSE	TRUE
sub-NDARDM118LR6	FALSE	TRUE
sub-NDARDM419DLQ	TRUE	FALSE
sub-NDARDN393BJH	TRUE	FALSE
sub-NDARDN489EXJ	FALSE	TRUE
sub-NDARDN924BV2	TRUE	FALSE
sub-NDARDR458MR7	TRUE	FALSE
sub-NDARDU760YZC	FALSE	TRUE
sub-NDARDV222JZ6	FALSE	FALSE
sub-NDARDX451ZGM	FALSE	TRUE
sub-NDARDX857DLB	FALSE	TRUE
sub-NDARDX872VH6	TRUE	FALSE
sub-NDARDY714NV9	FALSE	TRUE
sub-NDARDZ321FMY	FALSE	FALSE
sub-NDARDZ627XFA	TRUE	FALSE
sub-NDAREC647MKW	FALSE	TRUE
sub-NDAREC648WEL	FALSE	TRUE
sub-NDAREF888EVV	TRUE	FALSE
sub-NDAREG408DJ5	FALSE	TRUE
sub-NDAREG930XPP	FALSE	FALSE
sub-NDAREH852JE0	FALSE	TRUE
sub-NDAREK255DEE	TRUE	FALSE
sub-NDAREL164JM1	FALSE	FALSE
sub-NDAREM703YFD	TRUE	FALSE
sub-NDAREN242VPZ	FALSE	FALSE
sub-NDAREN667YTZ	FALSE	TRUE
sub-NDAREU591YYA	FALSE	TRUE
sub-NDAREV617HAP	TRUE	FALSE
sub-NDAREW201WD9	TRUE	FALSE
sub-NDAREW671HZW	TRUE	FALSE
sub-NDAREX065KJU	FALSE	TRUE
sub-NDAREX336AC1	FALSE	FALSE
sub-NDARFA233CUK	FALSE	TRUE
sub-NDARFA811KTX	FALSE	TRUE
sub-NDARFB506UJ3	FALSE	TRUE
sub-NDARFB757VY3	TRUE	FALSE
sub-NDARFJ179MG0	FALSE	TRUE
sub-NDARFJ803JF7	FALSE	TRUE
sub-NDARFK027LB0	FALSE	TRUE
sub-NDARFM619GTV	FALSE	TRUE
sub-NDARFN553LUV	FALSE	TRUE
sub-NDARFP909LY1	TRUE	FALSE
sub-NDARFR820KFF	FALSE	TRUE
sub-NDARFR849NTP	FALSE	TRUE
sub-NDARFT964EU8	FALSE	TRUE
sub-NDARFV061AR5	FALSE	TRUE
sub-NDARFW140WFX	FALSE	FALSE
sub-NDARFW578RU9	TRUE	FALSE
sub-NDARGA507DCC	FALSE	TRUE
sub-NDARGB000CW8	FALSE	TRUE
sub-NDARGG539YGN	TRUE	FALSE
sub-NDARGH074MU6	FALSE	TRUE
sub-NDARGK608LJ8	FALSE	TRUE
sub-NDARGK786DWR	FALSE	TRUE
sub-NDARGL105JJ7	FALSE	TRUE
sub-NDARGR358FGC	FALSE	TRUE
sub-NDARGU395RFP	FALSE	TRUE
sub-NDARGX443CEU	TRUE	FALSE
sub-NDARGY580WWL	FALSE	TRUE
sub-NDARGY771DL8	TRUE	FALSE
sub-NDARGZ282DLD	FALSE	TRUE
sub-NDARHE199NGL	TRUE	FALSE
sub-NDARHG152GZC	FALSE	TRUE
sub-NDARHG188YE9	TRUE	FALSE
sub-NDARHG294AFG	FALSE	TRUE
sub-NDARHK526BY1	TRUE	FALSE
sub-NDARHL164JHH	FALSE	TRUE
sub-NDARHN749RW4	TRUE	FALSE
sub-NDARHN931CJV	TRUE	FALSE
sub-NDARHR099EWX	FALSE	TRUE
sub-NDARHR901YLY	FALSE	TRUE
sub-NDARHT095YB4	TRUE	FALSE
sub-NDARHX628PC6	FALSE	TRUE
sub-NDARJB233RL7	FALSE	TRUE
sub-NDARJC010YYF	FALSE	FALSE
sub-NDARJC559WW5	FALSE	TRUE
sub-NDARJE686DJL	TRUE	FALSE
sub-NDARJF565ZRA	TRUE	FALSE
sub-NDARJF579EH9	FALSE	TRUE
sub-NDARJH707GJM	FALSE	TRUE
sub-NDARJJ277JP3	FALSE	TRUE
sub-NDARJJ389CP2	FALSE	FALSE
sub-NDARJL861WTP	TRUE	FALSE
sub-NDARJP146GT9	TRUE	FALSE
sub-NDARJT615WM7	TRUE	FALSE
sub-NDARJU787GF5	TRUE	FALSE
sub-NDARJX258XF0	FALSE	TRUE
sub-NDARJZ167VEZ	FALSE	TRUE
sub-NDARKA958FAH	TRUE	FALSE
sub-NDARKB290YNY	FALSE	TRUE
sub-NDARKE604RXR	TRUE	FALSE
sub-NDARKF442GZ5	FALSE	TRUE
sub-NDARKG460MWV	TRUE	FALSE
sub-NDARKG594WKT	FALSE	TRUE
sub-NDARKJ322ELL	TRUE	FALSE
sub-NDARKL327YDQ	FALSE	TRUE
sub-NDARKM476GFK	TRUE	FALSE
sub-NDARKM605AXX	TRUE	FALSE
sub-NDARKM784VA7	FALSE	TRUE
sub-NDARKN509RP9	TRUE	FALSE
sub-NDARKN633WZA	FALSE	TRUE
sub-NDARKN988BRP	FALSE	TRUE
sub-NDARKR155ME9	TRUE	FALSE
sub-NDARKW010CT2	FALSE	TRUE
sub-NDARKW383ZPF	FALSE	TRUE
sub-NDARKW521EMY	TRUE	FALSE
sub-NDARKX528PH3	TRUE	FALSE
sub-NDARKX788PHG	FALSE	TRUE
sub-NDARKZ312XR1	FALSE	FALSE
sub-NDARKZ479FC8	FALSE	TRUE
sub-NDARLD738DUM	FALSE	TRUE
sub-NDARLE417FRX	FALSE	TRUE
sub-NDARLF446MT5	FALSE	TRUE
sub-NDARLG154ZA3	FALSE	TRUE
sub-NDARLH881FBD	FALSE	TRUE
sub-NDARLJ148JH2	FALSE	TRUE
sub-NDARLJ334YD0	FALSE	TRUE
sub-NDARLK551KXD	TRUE	FALSE
sub-NDARLN961XGP	TRUE	FALSE
sub-NDARLP246NT6	FALSE	FALSE
sub-NDARLR620FW6	FALSE	TRUE
sub-NDARLU111UYF	FALSE	TRUE
sub-NDARLY483UNZ	FALSE	TRUE
sub-NDARLZ986JLL	FALSE	FALSE
sub-NDARMA449YB6	FALSE	TRUE
sub-NDARMA584EM0	TRUE	FALSE
sub-NDARMB216LA6	FALSE	TRUE
sub-NDARMC325JCN	TRUE	FALSE
sub-NDARMC774PRM	FALSE	FALSE
sub-NDARME880JD7	TRUE	FALSE
sub-NDARMF508PA2	TRUE	FALSE
sub-NDARMF939FNX	FALSE	TRUE
sub-NDARMJ495DE0	FALSE	TRUE
sub-NDARMN302YAV	TRUE	FALSE
sub-NDARMP784KKE	TRUE	FALSE
sub-NDARMT661WCR	FALSE	FALSE
sub-NDARMT882AWE	FALSE	TRUE
sub-NDARMV575DC1	TRUE	FALSE
sub-NDARMV822KWR	TRUE	FALSE
sub-NDARNA335GX2	TRUE	FALSE
sub-NDARNA856AY1	FALSE	FALSE
sub-NDARNE196LV0	FALSE	TRUE
sub-NDARNF341BNN	TRUE	FALSE
sub-NDARNJ633HHX	FALSE	TRUE
sub-NDARNK005BRN	FALSE	TRUE
sub-NDARNK055HVH	FALSE	TRUE
sub-NDARNK241ZXA	TRUE	FALSE
sub-NDARNM147CG2	TRUE	FALSE
sub-NDARNN164EA6	TRUE	FALSE
sub-NDARNT043XGH	FALSE	FALSE
sub-NDARNT151UN1	TRUE	FALSE
sub-NDARNZ792HBN	TRUE	FALSE
sub-NDARPA570LBF	FALSE	TRUE
sub-NDARPD346FCN	FALSE	FALSE
sub-NDARPG134TF1	TRUE	FALSE
sub-NDARPH176EWC	FALSE	TRUE
sub-NDARPH513LP3	FALSE	TRUE
sub-NDARPH923FN7	FALSE	TRUE
sub-NDARPJ832WL6	TRUE	FALSE
sub-NDARPK300HMV	TRUE	FALSE
sub-NDARPL201YL4	FALSE	TRUE
sub-NDARPT007UXR	FALSE	TRUE
sub-NDARPV303LAX	FALSE	TRUE
sub-NDARPW915RGD	TRUE	FALSE
sub-NDARRA537FWW	TRUE	FALSE
sub-NDARRA719CPH	TRUE	FALSE
sub-NDARRA933RLX	FALSE	TRUE
sub-NDARRB338YZ0	FALSE	TRUE
sub-NDARRC016UZE	TRUE	FALSE
sub-NDARRC295CHW	FALSE	TRUE
sub-NDARRC355BM6	FALSE	FALSE
sub-NDARRE445RHR	FALSE	TRUE
sub-NDARRF180JBU	FALSE	TRUE
sub-NDARRK038CBD	FALSE	TRUE
sub-NDARRL315KV3	FALSE	FALSE
sub-NDARRP384BVX	FALSE	TRUE
sub-NDARRV837BZQ	FALSE	FALSE
sub-NDARRV941EAC	FALSE	TRUE
sub-NDARRW680PHD	FALSE	TRUE
sub-NDARRY097FUT	TRUE	FALSE
sub-NDARRY215CXQ	TRUE	FALSE
sub-NDARRY268AF2	FALSE	TRUE
sub-NDARRY768ZH3	FALSE	FALSE
sub-NDARRY785GLM	TRUE	FALSE
sub-NDARTA819MF0	TRUE	FALSE
sub-NDARTB213ML4	FALSE	TRUE
sub-NDARTB755MF5	FALSE	TRUE
sub-NDARTC227AXA	TRUE	FALSE
sub-NDARTC652JK4	TRUE	FALSE
sub-NDARTC707KPU	TRUE	FALSE
sub-NDARTC794GZ5	FALSE	FALSE
sub-NDARTE773XJ5	TRUE	FALSE
sub-NDARTG679NKQ	FALSE	TRUE
sub-NDARTH930FNK	TRUE	FALSE
sub-NDARTJ433TB5	FALSE	TRUE
sub-NDARTM562NEW	TRUE	FALSE
sub-NDARTN173MXV	TRUE	FALSE
sub-NDARTN400TB1	FALSE	TRUE
sub-NDARTV525XC0	FALSE	TRUE
sub-NDARTY146DKE	FALSE	TRUE
sub-NDARTY225EWV	TRUE	FALSE
sub-NDARUB231LHN	TRUE	FALSE
sub-NDARUK329RUU	FALSE	TRUE
sub-NDARUM009GEZ	FALSE	TRUE
sub-NDARUT233WU9	FALSE	TRUE
sub-NDARUT470BM4	FALSE	TRUE
sub-NDARUT891XYJ	FALSE	TRUE
sub-NDARUU615WPR	TRUE	FALSE
sub-NDARUV621PB0	TRUE	FALSE
sub-NDARVB012UWL	TRUE	FALSE
sub-NDARVB151GXF	TRUE	FALSE
sub-NDARVB538ZGJ	FALSE	FALSE
sub-NDARVC310XV2	TRUE	FALSE
sub-NDARVC350WVG	FALSE	FALSE
sub-NDARVC518NWG	FALSE	TRUE
sub-NDARVC964LX0	TRUE	FALSE
sub-NDARVH033CA4	TRUE	FALSE
sub-NDARVL190JA8	FALSE	TRUE
sub-NDARVL729TT5	TRUE	FALSE
sub-NDARVN883AU2	TRUE	FALSE
sub-NDARVP953BBF	TRUE	FALSE
sub-NDARVX547MA0	FALSE	TRUE
sub-NDARVX856RHN	FALSE	TRUE
sub-NDARWB457JU6	TRUE	FALSE
sub-NDARWC174VE6	TRUE	FALSE
sub-NDARWC801CB5	TRUE	FALSE
sub-NDARWG911DZG	FALSE	FALSE
sub-NDARWH725TXP	FALSE	TRUE
sub-NDARWJ064WYP	TRUE	FALSE
sub-NDARWJ414WB8	FALSE	TRUE
sub-NDARWJ621JRZ	TRUE	FALSE
sub-NDARWJ671YX5	FALSE	TRUE
sub-NDARWN691CG7	FALSE	TRUE
sub-NDARWP732GD1	FALSE	TRUE
sub-NDARWR247CE1	FALSE	TRUE
sub-NDARWT086XMF	FALSE	TRUE
sub-NDARWU018VDB	FALSE	TRUE
sub-NDARWW480TU2	FALSE	FALSE
sub-NDARWX051KEV	FALSE	FALSE
sub-NDARWX711LBK	TRUE	FALSE
sub-NDARWZ346RV4	FALSE	FALSE
sub-NDARXF358XGE	FALSE	FALSE
sub-NDARXF497LYF	TRUE	FALSE
sub-NDARXG646PM9	FALSE	TRUE
sub-NDARXL023NG9	TRUE	FALSE
sub-NDARXM571XCC	FALSE	TRUE
sub-NDARXR123PFR	TRUE	FALSE
sub-NDARXT222XYH	TRUE	FALSE
sub-NDARXV094ZHH	FALSE	TRUE
sub-NDARXV294YRJ	FALSE	TRUE
sub-NDARXY532ZTT	TRUE	FALSE
sub-NDARYA030ZG7	FALSE	TRUE
sub-NDARYE850ZVD	FALSE	TRUE
sub-NDARYF085LZQ	FALSE	TRUE
sub-NDARYF272EDC	FALSE	TRUE
sub-NDARYH182BBV	TRUE	FALSE
sub-NDARYJ638RTN	FALSE	FALSE
sub-NDARYL771XDP	FALSE	TRUE
sub-NDARYM277DEA	FALSE	TRUE
sub-NDARYM586MYN	FALSE	TRUE
sub-NDARYM994YF0	FALSE	TRUE
sub-NDARYN174NPH	FALSE	TRUE
sub-NDARYN254VW6	FALSE	FALSE
sub-NDARYN595JMA	FALSE	TRUE
sub-NDARYU120NDA	FALSE	TRUE
sub-NDARYU575CE2	TRUE	FALSE
sub-NDARYX592YYR	TRUE	FALSE
sub-NDARYY664KHF	FALSE	TRUE
sub-NDARYY694NE7	TRUE	FALSE
sub-NDARZC344VH2	FALSE	TRUE
sub-NDARZE963MEU	FALSE	TRUE
sub-NDARZG690NHH	FALSE	TRUE
sub-NDARZJ598BK0	TRUE	FALSE
sub-NDARZN677EYE	FALSE	TRUE
sub-NDARZT096AUP	TRUE	FALSE
sub-NDARZT199MF6	TRUE	FALSE
sub-NDARZT940RZG	FALSE	TRUE
sub-NDARZT957CWG	FALSE	TRUE
sub-NDARZW873DN3	FALSE	TRUE
sub-NDARZY101JNB	TRUE	FALSE
sub-NDARAC350XUM	TRUE	FALSE
sub-NDARAC857HDB	TRUE	FALSE
sub-NDARAH304ED7	FALSE	TRUE
sub-NDARAH793FBF	FALSE	TRUE
sub-NDARAJ689BVN	TRUE	FALSE
sub-NDARAK738BGC	FALSE	TRUE
sub-NDARAM848GTE	FALSE	TRUE
sub-NDARAP522AFK	FALSE	TRUE
sub-NDARAP785CTE	FALSE	TRUE
sub-NDARAT358XM9	FALSE	TRUE
sub-NDARAU708TL8	FALSE	TRUE
sub-NDARAV187GJ5	FALSE	TRUE
sub-NDARAX358NB5	TRUE	FALSE
sub-NDARBC240LNC	FALSE	TRUE
sub-NDARBE091BGD	TRUE	FALSE
sub-NDARBE103DHM	FALSE	TRUE
sub-NDARBF851NH6	FALSE	TRUE
sub-NDARBG188RA5	FALSE	TRUE
sub-NDARBH228RDW	FALSE	TRUE
sub-NDARBH992ARB	FALSE	TRUE
sub-NDARBJ674TVU	TRUE	FALSE
sub-NDARBK638HLZ	TRUE	FALSE
sub-NDARBL214YLX	TRUE	FALSE
sub-NDARBM433VER	FALSE	TRUE
sub-NDARBN365EV3	FALSE	FALSE
sub-NDARCA740UC8	FALSE	TRUE
sub-NDARCD661GL0	FALSE	TRUE
sub-NDARCG159AAP	FALSE	TRUE
sub-NDARCG438NML	FALSE	TRUE
sub-NDARCH868WVX	TRUE	FALSE
sub-NDARCM717HCJ	FALSE	TRUE
sub-NDARCR582GKJ	FALSE	TRUE
sub-NDARCU633GCZ	FALSE	TRUE
sub-NDARCU736GZ1	TRUE	FALSE
sub-NDARCU744XWL	FALSE	TRUE
sub-NDARCV606ZZ5	FALSE	TRUE
sub-NDARCV981XUY	FALSE	TRUE
sub-NDARDA573XGG	FALSE	FALSE
sub-NDARDB224XUD	FALSE	FALSE
sub-NDARDC843HHM	FALSE	TRUE
sub-NDARDD854GF8	TRUE	FALSE
sub-NDARDE877RFH	FALSE	TRUE
sub-NDARDF374LGN	FALSE	FALSE
sub-NDARDH086ZKK	FALSE	TRUE
sub-NDARDL305BT8	FALSE	TRUE
sub-NDARDR804MFE	FALSE	TRUE
sub-NDARDT499DWP	FALSE	FALSE
sub-NDARDU853XZ6	TRUE	FALSE
sub-NDARDV245WJG	TRUE	FALSE
sub-NDARDY776AKH	FALSE	TRUE
sub-NDARDZ528DLZ	FALSE	TRUE
sub-NDAREC078VFT	TRUE	FALSE
sub-NDAREC480KFA	FALSE	TRUE
sub-NDARED628HMQ	TRUE	FALSE
sub-NDAREE675XRY	FALSE	TRUE
sub-NDAREF624KJN	TRUE	FALSE
sub-NDAREF848YWD	FALSE	TRUE
sub-NDAREG590BNY	TRUE	FALSE
sub-NDAREK395BM3	FALSE	TRUE
sub-NDAREK575JNM	TRUE	FALSE
sub-NDAREL410HHK	FALSE	TRUE
sub-NDAREN417DJE	TRUE	FALSE
sub-NDAREV342ABE	FALSE	TRUE
sub-NDAREX589EXG	FALSE	TRUE
sub-NDAREY897LB1	TRUE	FALSE
sub-NDARFA165XBV	FALSE	TRUE
sub-NDARFA737TG6	FALSE	TRUE
sub-NDARFB322DRA	FALSE	FALSE
sub-NDARFB969EMV	TRUE	FALSE
sub-NDARFE299MWU	TRUE	FALSE
sub-NDARFE526NK3	TRUE	FALSE
sub-NDARFG568PXZ	FALSE	FALSE
sub-NDARFG713PLR	FALSE	TRUE
sub-NDARFG851ZNZ	FALSE	TRUE
sub-NDARFG943GVZ	FALSE	TRUE
sub-NDARFG953RRK	FALSE	TRUE
sub-NDARFH018DLG	FALSE	TRUE
sub-NDARFM211KDJ	TRUE	FALSE
sub-NDARFM229HHA	TRUE	FALSE
sub-NDARFP512MEK	TRUE	FALSE
sub-NDARFR095UJK	TRUE	FALSE
sub-NDARFU395UBW	FALSE	TRUE
sub-NDARFU444HEF	FALSE	TRUE
sub-NDARFU916UZY	TRUE	FALSE
sub-NDARGA048BD8	FALSE	TRUE
sub-NDARGD425PTN	FALSE	TRUE
sub-NDARGF445UFB	FALSE	TRUE
sub-NDARGF543PM2	FALSE	TRUE
sub-NDARGH842VFY	FALSE	TRUE
sub-NDARGK672URV	FALSE	TRUE
sub-NDARGL085RTW	TRUE	FALSE
sub-NDARGL936KTV	FALSE	TRUE
sub-NDARGM196JMM	FALSE	TRUE
sub-NDARGN044FE4	FALSE	FALSE
sub-NDARGR125APK	FALSE	TRUE
sub-NDARGR354WBH	FALSE	TRUE
sub-NDARGR893PUA	FALSE	TRUE
sub-NDARGV948BFZ	FALSE	TRUE
sub-NDARGX760NYV	FALSE	TRUE
sub-NDARGY542TJ5	TRUE	FALSE
sub-NDARGZ207NNA	FALSE	TRUE
sub-NDARGZ361JJ9	FALSE	TRUE
sub-NDARHC453LC1	FALSE	TRUE
sub-NDARHD931FNA	TRUE	FALSE
sub-NDARHE899FJV	FALSE	TRUE
sub-NDARHG065YHQ	FALSE	TRUE
sub-NDARHG594GKH	TRUE	FALSE
sub-NDARHN212TT6	FALSE	TRUE
sub-NDARHR140GMB	TRUE	FALSE
sub-NDARHT019ER6	FALSE	TRUE
sub-NDARHT829KKB	FALSE	TRUE
sub-NDARHU910KZC	TRUE	FALSE
sub-NDARHW933UVJ	FALSE	TRUE
sub-NDARHX934KJ5	FALSE	TRUE
sub-NDARHX963YU1	FALSE	TRUE
sub-NDARHY099CUL	FALSE	FALSE
sub-NDARJA166LHK	FALSE	FALSE
sub-NDARJA262HTY	FALSE	TRUE
sub-NDARJA788CH7	FALSE	TRUE
sub-NDARJB366HYJ	FALSE	TRUE
sub-NDARJF517HC8	FALSE	TRUE
sub-NDARJG298YVA	FALSE	TRUE
sub-NDARJH065GKG	FALSE	FALSE
sub-NDARJH367WKY	FALSE	TRUE
sub-NDARJH492TVW	FALSE	TRUE
sub-NDARJH763NPD	FALSE	TRUE
sub-NDARJJ767FBH	TRUE	FALSE
sub-NDARJK651XB0	FALSE	FALSE
sub-NDARJK842BCN	TRUE	FALSE
sub-NDARJM296MDW	FALSE	TRUE
sub-NDARJP948FJV	FALSE	FALSE
sub-NDARJR579FW7	FALSE	TRUE
sub-NDARJT588ZAX	TRUE	FALSE
sub-NDARJU903AZH	FALSE	TRUE
sub-NDARJX458DVE	TRUE	FALSE
sub-NDARJX505XD6	TRUE	FALSE
sub-NDARJX939UCQ	FALSE	TRUE
sub-NDARJZ888UX6	FALSE	TRUE
sub-NDARKA946MJ1	TRUE	FALSE
sub-NDARKD064EVC	FALSE	TRUE
sub-NDARKH444AGK	TRUE	FALSE
sub-NDARKK000PNQ	FALSE	TRUE
sub-NDARKK392ZX2	FALSE	TRUE
sub-NDARKM301DY0	TRUE	FALSE
sub-NDARKU649DB7	FALSE	TRUE
sub-NDARKV353MTD	FALSE	TRUE
sub-NDARKV807EMJ	FALSE	TRUE
sub-NDARKX665ZD3	FALSE	TRUE
sub-NDARKZ634RVX	FALSE	TRUE
sub-NDARLA788EWU	TRUE	FALSE
sub-NDARLB162XP2	TRUE	FALSE
sub-NDARLD978JVJ	TRUE	FALSE
sub-NDARLE091XAZ	FALSE	TRUE
sub-NDARLE417RA4	FALSE	TRUE
sub-NDARLF032LXH	FALSE	TRUE
sub-NDARLM196YRG	FALSE	TRUE
sub-NDARLM313FVX	FALSE	TRUE
sub-NDARLU939YX4	FALSE	TRUE
sub-NDARLW774VY1	FALSE	TRUE
sub-NDARLY114PDC	FALSE	TRUE
sub-NDARLY687YDQ	FALSE	TRUE
sub-NDARLZ701LJ3	FALSE	TRUE
sub-NDARMC473UHD	FALSE	TRUE
sub-NDARME100GK1	FALSE	TRUE
sub-NDARMF668NU5	TRUE	FALSE
sub-NDARMG451PJA	TRUE	FALSE
sub-NDARMH231UEP	FALSE	TRUE
sub-NDARMH559LKK	TRUE	FALSE
sub-NDARMK416UUQ	FALSE	TRUE
sub-NDARMK525TGP	FALSE	TRUE
sub-NDARMP977RHZ	FALSE	TRUE
sub-NDARMR306ZKG	FALSE	TRUE
sub-NDARMR631KR5	FALSE	TRUE
sub-NDARMR684AH2	FALSE	TRUE
sub-NDARMU589LP6	TRUE	FALSE
sub-NDARMV981GZ7	TRUE	FALSE
sub-NDARMY254BGN	TRUE	FALSE
sub-NDARMY294VNE	TRUE	FALSE
sub-NDARMY456WML	FALSE	TRUE
sub-NDARMY873XG5	FALSE	TRUE
sub-NDARMZ189EFC	FALSE	TRUE
sub-NDARMZ366UY8	TRUE	FALSE
sub-NDARNB905CFU	FALSE	TRUE
sub-NDARND697FLK	TRUE	FALSE
sub-NDARNE406XC3	FALSE	TRUE
sub-NDARNF873FCV	FALSE	TRUE
sub-NDARNH200DA6	FALSE	TRUE
sub-NDARNM708YTF	TRUE	FALSE
sub-NDARNR459MUJ	FALSE	TRUE
sub-NDARNT245TP0	TRUE	FALSE
sub-NDARNU770PM5	FALSE	TRUE
sub-NDARNY023FWG	FALSE	TRUE
sub-NDARNY419GR2	FALSE	TRUE
sub-NDARNY875DR2	FALSE	FALSE
sub-NDARNZ610KZY	FALSE	TRUE
sub-NDARPB293EPC	FALSE	TRUE
sub-NDARPB619PHV	FALSE	TRUE
sub-NDARPD029JVJ	TRUE	FALSE
sub-NDARPD568LHV	FALSE	TRUE
sub-NDARPD855ARC	FALSE	TRUE
sub-NDARPE551CK7	FALSE	TRUE
sub-NDARPE752VYE	TRUE	FALSE
sub-NDARPF319WV2	TRUE	FALSE
sub-NDARPF459CME	FALSE	TRUE
sub-NDARPF640ZRG	TRUE	FALSE
sub-NDARPF937BDQ	FALSE	TRUE
sub-NDARPK237YHD	FALSE	TRUE
sub-NDARPL194XDX	FALSE	FALSE
sub-NDARPL215MTH	FALSE	TRUE
sub-NDARPL596YTD	TRUE	FALSE
sub-NDARPP622WV4	TRUE	FALSE
sub-NDARPP726XBF	FALSE	TRUE
sub-NDARPT890YBR	FALSE	TRUE
sub-NDARPU329MDJ	FALSE	TRUE
sub-NDARPV009TYX	TRUE	FALSE
sub-NDARPX838GCD	TRUE	FALSE
sub-NDARPZ344ZGE	FALSE	TRUE
sub-NDARRB901DWV	FALSE	TRUE
sub-NDARRH285LR3	TRUE	FALSE
sub-NDARRH344TL7	FALSE	TRUE
sub-NDARRM073JKA	FALSE	FALSE
sub-NDARRM122UPB	FALSE	TRUE
sub-NDARRU290EZV	FALSE	TRUE
sub-NDARRU399NYG	FALSE	TRUE
sub-NDARRU729XRU	TRUE	FALSE
sub-NDARRU979UBW	FALSE	TRUE
sub-NDARRV505ND6	FALSE	TRUE
sub-NDARRW951BYF	FALSE	TRUE
sub-NDARRX800KW8	TRUE	FALSE
sub-NDARRX897XV1	FALSE	TRUE
sub-NDARRY538NE1	FALSE	TRUE
sub-NDARRZ927VC3	TRUE	FALSE
sub-NDARTC865YNZ	TRUE	FALSE
sub-NDARTD925CTP	FALSE	TRUE
sub-NDARTF776EYR	TRUE	FALSE
sub-NDARTF781TM8	FALSE	TRUE
sub-NDARTG396FGE	FALSE	TRUE
sub-NDARTK357VHL	FALSE	FALSE
sub-NDARTK682LJE	TRUE	FALSE
sub-NDARTM501BT2	FALSE	TRUE
sub-NDARTW685ENR	FALSE	FALSE
sub-NDARUB962AXN	FALSE	TRUE
sub-NDARUC771VM5	FALSE	TRUE
sub-NDARUD776KFT	FALSE	TRUE
sub-NDARUD871XPD	FALSE	TRUE
sub-NDARUE398GGV	FALSE	TRUE
sub-NDARUG492VF0	FALSE	TRUE
sub-NDARUJ744NEU	TRUE	FALSE
sub-NDARUJ894ZXG	TRUE	FALSE
sub-NDARUL675RXW	TRUE	FALSE
sub-NDARUM797TFA	FALSE	TRUE
sub-NDARUV041YCY	TRUE	FALSE
sub-NDARUV578DU2	FALSE	TRUE
sub-NDARUX086TVT	FALSE	TRUE
sub-NDARUX534HZQ	FALSE	TRUE
sub-NDARUX885LMW	FALSE	TRUE
sub-NDARUY529FNK	FALSE	TRUE
sub-NDARUY549PGQ	TRUE	FALSE
sub-NDARUY730ANT	FALSE	TRUE
sub-NDARUZ368BT4	TRUE	FALSE
sub-NDARUZ601TW4	FALSE	TRUE
sub-NDARVA930UA3	FALSE	TRUE
sub-NDARVB902GA5	FALSE	TRUE
sub-NDARVC195NLH	FALSE	TRUE
sub-NDARVD552PRC	FALSE	TRUE
sub-NDARVF159VP9	FALSE	TRUE
sub-NDARVG132NF6	FALSE	TRUE
sub-NDARVG761NR2	FALSE	TRUE
sub-NDARVH153RE7	TRUE	FALSE
sub-NDARVL964HH1	TRUE	FALSE
sub-NDARVN363NNQ	FALSE	TRUE
sub-NDARVN920VHJ	FALSE	TRUE
sub-NDARVP285RXV	FALSE	TRUE
sub-NDARVU883NDE	FALSE	TRUE
sub-NDARVV473XTY	TRUE	FALSE
sub-NDARWA433WYZ	FALSE	TRUE
sub-NDARWD585PRZ	FALSE	TRUE
sub-NDARWE898TG8	FALSE	TRUE
sub-NDARWH779MZ2	TRUE	FALSE
sub-NDARWJ498CZY	FALSE	TRUE
sub-NDARWK983JFE	FALSE	FALSE
sub-NDARWM656UWL	FALSE	TRUE
sub-NDARWN885MGD	TRUE	FALSE
sub-NDARWP815VUP	FALSE	FALSE
sub-NDARWR888KKT	FALSE	TRUE
sub-NDARWT715BMK	FALSE	TRUE
sub-NDARWV568MEU	FALSE	TRUE
sub-NDARWV794VM2	TRUE	FALSE
sub-NDARWW820WZN	TRUE	FALSE
sub-NDARWZ903DD2	FALSE	TRUE
sub-NDARXB692PXC	TRUE	FALSE
sub-NDARXD710RLN	TRUE	FALSE
sub-NDARXG670HFE	TRUE	FALSE
sub-NDARXH393TMM	FALSE	FALSE
sub-NDARXK009VGV	FALSE	TRUE
sub-NDARXK986EK6	FALSE	TRUE
sub-NDARXL023GFG	FALSE	TRUE
sub-NDARXL697DA6	FALSE	FALSE
sub-NDARXN140AZE	TRUE	FALSE
sub-NDARXN764AC7	FALSE	TRUE
sub-NDARXP557DLJ	FALSE	TRUE
sub-NDARXP717YMH	FALSE	TRUE
sub-NDARXR346UT5	TRUE	FALSE
sub-NDARXV034WE0	TRUE	FALSE
sub-NDARYA898BRE	TRUE	FALSE
sub-NDARYC466ER1	FALSE	TRUE
sub-NDARYE221LZB	FALSE	TRUE
sub-NDARYE379GGT	TRUE	FALSE
sub-NDARYE521RDA	TRUE	FALSE
sub-NDARYF338WW1	TRUE	FALSE
sub-NDARYG665JUD	FALSE	TRUE
sub-NDARYG988PUQ	FALSE	TRUE
sub-NDARYH697TPA	FALSE	TRUE
sub-NDARYJ583ZMJ	FALSE	TRUE
sub-NDARYJ735XPK	FALSE	TRUE
sub-NDARYM334BZ5	FALSE	TRUE
sub-NDARYX008UCU	FALSE	TRUE
sub-NDARYX806FL1	TRUE	FALSE
sub-NDARYY022HBW	FALSE	TRUE
sub-NDARYZ693DE2	FALSE	TRUE
sub-NDARZA511FYF	FALSE	TRUE
sub-NDARZF170TZ0	FALSE	TRUE
sub-NDARZG861CXJ	TRUE	FALSE
sub-NDARZH366BF8	FALSE	TRUE
sub-NDARZH521MMD	FALSE	TRUE
sub-NDARZJ587UZU	FALSE	TRUE
sub-NDARZM903TNL	FALSE	TRUE
sub-NDARZN088VER	TRUE	FALSE
sub-NDARZW472CCF	FALSE	TRUE
sub-NDARZZ740MLM	TRUE	FALSE
sub-NDARAB055BPR	FALSE	TRUE
sub-NDARAB348EWR	FALSE	FALSE
sub-NDARAB458VK9	FALSE	TRUE
sub-NDARAB708LM5	FALSE	FALSE
sub-NDARAB756JDJ	TRUE	FALSE
sub-NDARAD224CRB	FALSE	TRUE
sub-NDARAE301XTM	FALSE	TRUE
sub-NDARAE877NER	FALSE	TRUE
sub-NDARAN262WK6	FALSE	TRUE
sub-NDARAT680GJA	FALSE	TRUE
sub-NDARAX277ATU	FALSE	TRUE
sub-NDARAY283AU1	FALSE	TRUE
sub-NDARBK106KRH	FALSE	TRUE
sub-NDARBM197EFF	FALSE	TRUE
sub-NDARBN611GRA	FALSE	TRUE
sub-NDARCA578CEB	TRUE	FALSE
sub-NDARCH628LKW	TRUE	FALSE
sub-NDARCJ011TTG	FALSE	TRUE
sub-NDARCL008HLA	FALSE	TRUE
sub-NDARCN500KJG	FALSE	TRUE
sub-NDARCP292KPA	FALSE	TRUE
sub-NDARCR594JN0	FALSE	TRUE
sub-NDARDE827UF0	FALSE	FALSE
sub-NDARDV865ENP	FALSE	TRUE
sub-NDARDZ147ETZ	TRUE	FALSE
sub-NDARDZ425JVB	FALSE	TRUE
sub-NDAREC277JCP	FALSE	TRUE
sub-NDAREW661NZJ	FALSE	TRUE
sub-NDARFA780CUG	TRUE	FALSE
sub-NDARFD453NPR	FALSE	FALSE
sub-NDARFD552FRH	FALSE	TRUE
sub-NDARFG118DW3	TRUE	FALSE
sub-NDARFL793LDE	TRUE	FALSE
sub-NDARFR301KKP	TRUE	FALSE
sub-NDARFU786BN4	FALSE	TRUE
sub-NDARFX455JFY	TRUE	FALSE
sub-NDARFX626DFH	TRUE	FALSE
sub-NDARFX710UZA	FALSE	TRUE
sub-NDARGE994BMX	FALSE	TRUE
sub-NDARGH592NZ2	FALSE	TRUE
sub-NDARGP191YHN	FALSE	TRUE
sub-NDARGP399TDM	FALSE	TRUE
sub-NDARGV436PFT	FALSE	TRUE
sub-NDARGZ553TMQ	FALSE	TRUE
sub-NDARHF545HFW	TRUE	FALSE
sub-NDARHN482HPM	FALSE	FALSE
sub-NDARHP039DBU	FALSE	TRUE
sub-NDARHT774ZK1	TRUE	FALSE
sub-NDARHW575ZJ5	TRUE	FALSE
sub-NDARJA737FAJ	FALSE	TRUE
sub-NDARJA830BYV	FALSE	TRUE
sub-NDARJG687YYX	FALSE	TRUE
sub-NDARJG740PM8	FALSE	TRUE
sub-NDARJJ817UP1	FALSE	TRUE
sub-NDARKB614KGY	FALSE	TRUE
sub-NDARKC978MR4	FALSE	TRUE
sub-NDARKG697CEW	FALSE	TRUE
sub-NDARKK597VDH	FALSE	TRUE
sub-NDARKM250ET5	TRUE	FALSE
sub-NDARKN175HWB	FALSE	TRUE
sub-NDARKN346XZH	FALSE	TRUE
sub-NDARKT032RYR	TRUE	FALSE
sub-NDARKT952ML4	FALSE	TRUE
sub-NDARKZ085UKQ	TRUE	FALSE
sub-NDARLB581AXF	TRUE	FALSE
sub-NDARLJ168LXY	FALSE	TRUE
sub-NDARLT314TWP	FALSE	TRUE
sub-NDARLV155RW0	TRUE	FALSE
sub-NDARLW312JT8	FALSE	TRUE
sub-NDARLY947EXR	FALSE	TRUE
sub-NDARMA154FAK	FALSE	TRUE
sub-NDARMA598JTX	TRUE	FALSE
sub-NDARMH364EMW	TRUE	FALSE
sub-NDARMW088NNR	FALSE	TRUE
sub-NDARNB674VMY	FALSE	FALSE
sub-NDARNE729PN2	TRUE	FALSE
sub-NDARNE906EJA	TRUE	FALSE
sub-NDARNJ899HW7	FALSE	TRUE
sub-NDARNK489GNR	FALSE	TRUE
sub-NDARNL587LVL	FALSE	TRUE
sub-NDARPG847LB8	FALSE	TRUE
sub-NDARPH474YF3	TRUE	FALSE
sub-NDARPM572ZZV	FALSE	TRUE
sub-NDARPY297MD8	FALSE	TRUE
sub-NDARRD943ZWU	FALSE	TRUE
sub-NDARRV688GUX	FALSE	TRUE
sub-NDARRW643DHJ	TRUE	FALSE
sub-NDARRY126FA5	FALSE	FALSE
sub-NDARRZ606EDP	FALSE	TRUE
sub-NDARTA344CCA	FALSE	TRUE
sub-NDARTC710UM1	FALSE	TRUE
sub-NDARTH433TE0	TRUE	FALSE
sub-NDARTN483XE4	FALSE	TRUE
sub-NDARTT383DPY	FALSE	TRUE
sub-NDARTT979FDD	TRUE	FALSE
sub-NDARTU644WHZ	FALSE	TRUE
sub-NDARTV107XD4	TRUE	FALSE
sub-NDARTV776ZJ8	TRUE	FALSE
sub-NDARTY549YDG	TRUE	FALSE
sub-NDARUC022JWT	FALSE	TRUE
sub-NDARUD306BB0	FALSE	TRUE
sub-NDARUK101YT3	FALSE	TRUE
sub-NDARUL454XRE	FALSE	TRUE
sub-NDARUP067TM8	TRUE	FALSE
sub-NDARUT651WFC	FALSE	TRUE
sub-NDARVD194JX2	FALSE	TRUE
sub-NDARVK847ZRT	FALSE	TRUE
sub-NDARVN270UU2	FALSE	TRUE
sub-NDARVP109DF0	FALSE	TRUE
sub-NDARVZ525AA0	FALSE	TRUE
sub-NDARWB782FLR	FALSE	TRUE
sub-NDARWD911WBU	FALSE	FALSE
sub-NDARWF086XF8	FALSE	TRUE
sub-NDARWM683XYZ	FALSE	TRUE
sub-NDARWN424BPK	FALSE	TRUE
sub-NDARWN709HA2	FALSE	TRUE
sub-NDARWR448MER	TRUE	FALSE
sub-NDARWT694TXM	FALSE	TRUE
sub-NDARWV452YZN	TRUE	FALSE
sub-NDARWV938NKD	TRUE	FALSE
sub-NDARWX173EFW	FALSE	TRUE
sub-NDARWX605LAD	FALSE	FALSE
sub-NDARXE542EMB	TRUE	FALSE
sub-NDARYA955CY1	FALSE	TRUE
sub-NDARYJ301DYN	TRUE	FALSE
sub-NDARYL090TGH	TRUE	FALSE
sub-NDARYN152YMW	FALSE	TRUE
sub-NDARYN474PEK	FALSE	TRUE
sub-NDARYW984FLT	TRUE	FALSE
sub-NDARYZ871DXQ	FALSE	TRUE
sub-NDARYZ986HEW	TRUE	FALSE
sub-NDARZC058BA5	TRUE	FALSE
sub-NDARZG081LYG	TRUE	FALSE
sub-NDARZR538EZH	FALSE	TRUE
sub-NDARZY224TFX	TRUE	FALSE
sub-NDARAC462DZH	FALSE	FALSE
sub-NDARAE866UVF	FALSE	TRUE
sub-NDARAF440XWG	TRUE	FALSE
sub-NDARAF535XK6	FALSE	TRUE
sub-NDARAL828WXM	FALSE	TRUE
sub-NDARAM487XU3	FALSE	FALSE
sub-NDARAN076TPG	FALSE	TRUE
sub-NDARAR238RZ8	FALSE	TRUE
sub-NDARAT244VGA	FALSE	TRUE
sub-NDARAX287BLD	FALSE	TRUE
sub-NDARAY475AKD	TRUE	FALSE
sub-NDARBA381JGH	FALSE	TRUE
sub-NDARBF183RFB	TRUE	FALSE
sub-NDARBF293YRB	TRUE	FALSE
sub-NDARBF906DVB	FALSE	TRUE
sub-NDARBH512BHA	FALSE	TRUE
sub-NDARBJ478HW5	TRUE	FALSE
sub-NDARBJ637CFZ	FALSE	TRUE
sub-NDARBL042LWN	FALSE	TRUE
sub-NDARBN620TT7	FALSE	TRUE
sub-NDARBP681MTT	FALSE	TRUE
sub-NDARBP770MUM	TRUE	FALSE
sub-NDARBW026UGE	TRUE	FALSE
sub-NDARBW255JE1	FALSE	FALSE
sub-NDARBW525JHY	FALSE	FALSE
sub-NDARBX830ZD4	FALSE	FALSE
sub-NDARBZ475NKK	FALSE	FALSE
sub-NDARBZ925PRF	FALSE	TRUE
sub-NDARCA618DGA	TRUE	FALSE
sub-NDARCB142ZPB	FALSE	FALSE
sub-NDARCD296XU9	FALSE	TRUE
sub-NDARCG785NND	FALSE	FALSE
sub-NDARCH514JCT	FALSE	TRUE
sub-NDARCH889NUF	FALSE	TRUE
sub-NDARCJ433TCG	FALSE	TRUE
sub-NDARCK162REX	TRUE	FALSE
sub-NDARCK481KRH	FALSE	TRUE
sub-NDARCK661RZ6	FALSE	FALSE
sub-NDARCP642KML	FALSE	TRUE
sub-NDARCR743RHQ	FALSE	TRUE
sub-NDARCT301RK9	FALSE	FALSE
sub-NDARCU621EBN	FALSE	TRUE
sub-NDARCV378MMX	FALSE	TRUE
sub-NDARCV628UUW	FALSE	TRUE
sub-NDARCW932EU6	FALSE	TRUE
sub-NDARCX462NVA	TRUE	FALSE
sub-NDARCZ388PF5	TRUE	FALSE
sub-NDARDA656RBN	TRUE	FALSE
sub-NDARDC003YG7	FALSE	TRUE
sub-NDARDC814WW2	FALSE	TRUE
sub-NDARDD073JKZ	FALSE	TRUE
sub-NDARDD128NWL	TRUE	FALSE
sub-NDARDD193HUP	FALSE	TRUE
sub-NDARDE319VD1	FALSE	TRUE
sub-NDARDG484ZJ1	FALSE	TRUE
sub-NDARDG747ULB	TRUE	FALSE
sub-NDARDH305AV2	FALSE	TRUE
sub-NDARDH793TRR	FALSE	FALSE
sub-NDARDJ970ELG	FALSE	TRUE
sub-NDARDN996CPF	TRUE	FALSE
sub-NDARDR240WKM	FALSE	TRUE
sub-NDARDR439HY2	FALSE	TRUE
sub-NDARDR591AUC	FALSE	TRUE
sub-NDARDR595ZE5	TRUE	FALSE
sub-NDARDU482DGK	FALSE	TRUE
sub-NDARDU602LPX	FALSE	TRUE
sub-NDARDU617ZW1	TRUE	FALSE
sub-NDARDV204BYM	TRUE	FALSE
sub-NDARDY741VEB	FALSE	TRUE
sub-NDARDZ266KET	TRUE	FALSE
sub-NDARDZ440NGK	FALSE	TRUE
sub-NDAREL721PGQ	FALSE	TRUE
sub-NDAREM609ZXW	FALSE	TRUE
sub-NDAREN151YXN	TRUE	FALSE
sub-NDAREN969HF7	FALSE	TRUE
sub-NDAREN999ERM	FALSE	TRUE
sub-NDAREP505XAD	FALSE	TRUE
sub-NDARER115FTJ	FALSE	FALSE
sub-NDARER379GTP	FALSE	TRUE
sub-NDAREU438HAF	TRUE	FALSE
sub-NDAREV848HWX	FALSE	TRUE
sub-NDAREW074ZM2	TRUE	FALSE
sub-NDAREW937RMY	FALSE	TRUE
sub-NDAREZ416XDW	FALSE	TRUE
sub-NDARFA089ZZG	FALSE	TRUE
sub-NDARFA804ZLW	FALSE	TRUE
sub-NDARFC203HCD	FALSE	FALSE
sub-NDARFE555KXB	FALSE	TRUE
sub-NDARFJ000DCY	FALSE	FALSE
sub-NDARFJ494ZDJ	FALSE	FALSE
sub-NDARFL579BAP	FALSE	TRUE
sub-NDARFT176NJP	FALSE	TRUE
sub-NDARFT615JZ6	FALSE	TRUE
sub-NDARFT787HJW	TRUE	FALSE
sub-NDARFU407YL4	TRUE	FALSE
sub-NDARFW038ZNE	TRUE	FALSE
sub-NDARGB866MPN	FALSE	TRUE
sub-NDARGB998HX3	TRUE	FALSE
sub-NDARGC170UK2	FALSE	TRUE
sub-NDARGC559LN8	TRUE	FALSE
sub-NDARGD414HBX	TRUE	FALSE
sub-NDARGK442YHH	FALSE	TRUE
sub-NDARGM439FZD	FALSE	TRUE
sub-NDARGM616DJC	TRUE	FALSE
sub-NDARGN721GKT	FALSE	TRUE
sub-NDARGP132PYA	FALSE	TRUE
sub-NDARGP984YLN	FALSE	FALSE
sub-NDARGT634DUJ	FALSE	TRUE
sub-NDARGU182ELW	FALSE	TRUE
sub-NDARGU271CPG	FALSE	TRUE
sub-NDARGW249GEJ	FALSE	TRUE
sub-NDARGY959RN8	FALSE	TRUE
sub-NDARHC661KGK	FALSE	FALSE
sub-NDARHC814ZZL	FALSE	TRUE
sub-NDARHE283KZN	TRUE	FALSE
sub-NDARHG260BM9	TRUE	FALSE
sub-NDARHH127PCL	FALSE	FALSE
sub-NDARHH654ZF9	FALSE	TRUE
sub-NDARHH819LH3	FALSE	TRUE
sub-NDARHJ318KZA	TRUE	FALSE
sub-NDARHL684WYU	FALSE	FALSE
sub-NDARHL822EJK	FALSE	TRUE
sub-NDARHM611GDR	FALSE	TRUE
sub-NDARHN078CDT	FALSE	TRUE
sub-NDARHN224TPA	TRUE	FALSE
sub-NDARHP705RFA	FALSE	TRUE
sub-NDARHP841RMR	FALSE	TRUE
sub-NDARHZ413DZL	FALSE	TRUE
sub-NDARHZ476MJP	FALSE	TRUE
sub-NDARHZ814MHQ	FALSE	TRUE
sub-NDARJD235KZA	FALSE	FALSE
sub-NDARJE070PLA	TRUE	FALSE
sub-NDARJG494YDY	FALSE	TRUE
sub-NDARJG738WY6	FALSE	TRUE
sub-NDARJJ512AYJ	TRUE	FALSE
sub-NDARJJ638NAC	FALSE	TRUE
sub-NDARJN928UPY	FALSE	TRUE
sub-NDARJR473HXT	FALSE	TRUE
sub-NDARJT064LRE	FALSE	TRUE
sub-NDARJT172UE0	TRUE	FALSE
sub-NDARJV225EYT	TRUE	FALSE
sub-NDARJV411EH6	FALSE	TRUE
sub-NDARKC220LZG	TRUE	FALSE
sub-NDARKE358TFU	TRUE	FALSE
sub-NDARKE456BVQ	FALSE	TRUE
sub-NDARKF704MKL	FALSE	TRUE
sub-NDARKF779EK2	FALSE	TRUE
sub-NDARKH171DG8	FALSE	TRUE
sub-NDARKH291KRE	FALSE	TRUE
sub-NDARKJ871YD6	TRUE	FALSE
sub-NDARKK774VP5	FALSE	TRUE
sub-NDARKM568HJK	TRUE	FALSE
sub-NDARKN477EBH	FALSE	TRUE
sub-NDARKP414AZ5	FALSE	TRUE
sub-NDARKT312RUD	FALSE	TRUE
sub-NDARKV800DTW	FALSE	TRUE
sub-NDARKW565ZT9	TRUE	FALSE
sub-NDARKX265YX7	FALSE	FALSE
sub-NDARKZ031NJZ	FALSE	TRUE
sub-NDARKZ198TAA	TRUE	FALSE
sub-NDARLA998XAC	TRUE	FALSE
sub-NDARLD287MLP	FALSE	TRUE
sub-NDARLF484WJL	FALSE	TRUE
sub-NDARLG918MG8	FALSE	TRUE
sub-NDARLG987WB0	FALSE	TRUE
sub-NDARLH263KCL	TRUE	FALSE
sub-NDARLJ280UCN	TRUE	FALSE
sub-NDARLJ970DEY	FALSE	TRUE
sub-NDARLL894HC3	FALSE	FALSE
sub-NDARLN550RM6	FALSE	FALSE
sub-NDARLR039GJL	FALSE	TRUE
sub-NDARLR083PKF	FALSE	TRUE
sub-NDARLT365LHK	FALSE	TRUE
sub-NDARLV252DY2	FALSE	TRUE
sub-NDARLV812JXX	FALSE	TRUE
sub-NDARLY872ZXA	FALSE	FALSE
sub-NDARLZ007NHG	TRUE	FALSE
sub-NDARMA390CHB	FALSE	TRUE
sub-NDARMC481AWW	FALSE	TRUE
sub-NDARMC950EUL	FALSE	TRUE
sub-NDARMD134JRU	FALSE	FALSE
sub-NDARMD638CM6	FALSE	FALSE
sub-NDARME573TRB	FALSE	FALSE
sub-NDARME689TAF	FALSE	FALSE
sub-NDARME724FJE	TRUE	FALSE
sub-NDARME789TD2	FALSE	FALSE
sub-NDARMG239GUV	TRUE	FALSE
sub-NDARMG405RZK	TRUE	FALSE
sub-NDARMG675JB4	FALSE	TRUE
sub-NDARMG741FDL	TRUE	FALSE
sub-NDARMM431GVE	FALSE	FALSE
sub-NDARMN415AXR	TRUE	FALSE
sub-NDARMN695VFH	FALSE	TRUE
sub-NDARMT939UCK	FALSE	FALSE
sub-NDARMU791UN7	TRUE	FALSE
sub-NDARMV189NXG	FALSE	TRUE
sub-NDARMW445NBC	TRUE	FALSE
sub-NDARMW473LL1	TRUE	FALSE
sub-NDARMW551YA0	FALSE	TRUE
sub-NDARMW863HW5	FALSE	TRUE
sub-NDARMX277VHC	FALSE	TRUE
sub-NDARMX328VWC	FALSE	TRUE
sub-NDARMZ790VHM	TRUE	FALSE
sub-NDARNA004AGP	FALSE	FALSE
sub-NDARNA660PPK	FALSE	FALSE
sub-NDARNB427ARE	FALSE	TRUE
sub-NDARNC374XEL	FALSE	TRUE
sub-NDARNE800DCT	FALSE	TRUE
sub-NDARNG108PFB	FALSE	TRUE
sub-NDARNG968RB9	TRUE	FALSE
sub-NDARNH110NV6	TRUE	FALSE
sub-NDARNK064DXY	FALSE	FALSE
sub-NDARNN142WYB	TRUE	FALSE
sub-NDARNN624AMU	FALSE	TRUE
sub-NDARNP423EJQ	TRUE	FALSE
sub-NDARNP643KZH	FALSE	TRUE
sub-NDARNP812WAQ	TRUE	FALSE
sub-NDARNV124WR8	TRUE	FALSE
sub-NDARNV375KEK	TRUE	FALSE
sub-NDARNV694EMG	FALSE	TRUE
sub-NDARNY205RK8	FALSE	TRUE
sub-NDARNY894TH7	FALSE	FALSE
sub-NDARNZ043VH0	FALSE	TRUE
sub-NDARNZ141GNH	FALSE	TRUE
sub-NDARPC931KR1	TRUE	FALSE
sub-NDARPF395NV5	FALSE	TRUE
sub-NDARPF682GDC	FALSE	TRUE
sub-NDARPF988BBV	TRUE	FALSE
sub-NDARPG082MTJ	TRUE	FALSE
sub-NDARPG874CMG	TRUE	FALSE
sub-NDARPH022TRY	FALSE	TRUE
sub-NDARPJ151ERK	FALSE	TRUE
sub-NDARPK223WVZ	TRUE	FALSE
sub-NDARPL479LHN	TRUE	FALSE
sub-NDARPL501ZUU	FALSE	TRUE
sub-NDARPN886HH9	FALSE	TRUE
sub-NDARPP150TNR	FALSE	TRUE
sub-NDARPT777FDA	FALSE	FALSE
sub-NDARPV595RWB	TRUE	FALSE
sub-NDARPY478YM0	FALSE	TRUE
sub-NDARPZ020AH8	FALSE	FALSE
sub-NDARPZ720WKW	FALSE	TRUE
sub-NDARPZ973RK0	FALSE	FALSE
sub-NDARRA383KVQ	TRUE	FALSE
sub-NDARRF415CBE	TRUE	FALSE
sub-NDARRG536CVP	FALSE	TRUE
sub-NDARRJ130PV7	TRUE	FALSE
sub-NDARRK135YAZ	FALSE	TRUE
sub-NDARRK163VY8	FALSE	TRUE
sub-NDARRP008LJ6	TRUE	FALSE
sub-NDARRP614EBU	FALSE	TRUE
sub-NDARRP801AX1	FALSE	TRUE
sub-NDARRU499DP2	FALSE	TRUE
sub-NDARRV097NU1	TRUE	FALSE
sub-NDARRW141HUT	FALSE	TRUE
sub-NDARRY807MXC	FALSE	TRUE
sub-NDARRZ356HET	FALSE	TRUE
sub-NDARTD624AF9	FALSE	TRUE
sub-NDARTE159EC4	FALSE	TRUE
sub-NDARTE432ZRH	FALSE	TRUE
sub-NDARTG681ZDV	FALSE	TRUE
sub-NDARTK056HL3	FALSE	FALSE
sub-NDARTK507RJW	FALSE	FALSE
sub-NDARTL667CCG	TRUE	FALSE
sub-NDARTN365HEV	FALSE	FALSE
sub-NDARTN712UJK	FALSE	TRUE
sub-NDARTR175UDC	FALSE	TRUE
sub-NDARTT667RKQ	FALSE	TRUE
sub-NDARTV222FA9	TRUE	FALSE
sub-NDARTW456RAG	FALSE	TRUE
sub-NDARTW501ZKN	TRUE	FALSE
sub-NDARTX575YBU	TRUE	FALSE
sub-NDARTY010EYP	FALSE	TRUE
sub-NDARTY533VXQ	FALSE	TRUE
sub-NDARUB495UD1	TRUE	FALSE
sub-NDARUC144FN6	TRUE	FALSE
sub-NDARUC356FCD	FALSE	TRUE
sub-NDARUC591FWN	TRUE	FALSE
sub-NDARUF236HM7	TRUE	FALSE
sub-NDARUF540ZJ1	FALSE	TRUE
sub-NDARUJ182TDW	FALSE	TRUE
sub-NDARUJ292JXV	FALSE	TRUE
sub-NDARUK658FMU	FALSE	TRUE
sub-NDARUR009YJM	TRUE	FALSE
sub-NDARUR126CFH	FALSE	TRUE
sub-NDARUU801VFA	FALSE	TRUE
sub-NDARUU991VRE	FALSE	TRUE
sub-NDARUY379PT5	FALSE	TRUE
sub-NDARUY818JG8	FALSE	TRUE
sub-NDARUZ345THD	FALSE	TRUE
sub-NDARVB819ENX	FALSE	TRUE
sub-NDARVB897AH1	FALSE	TRUE
sub-NDARVC140PKY	FALSE	TRUE
sub-NDARVC305AC6	FALSE	TRUE
sub-NDARVC821LP9	FALSE	TRUE
sub-NDARVC956HHP	FALSE	FALSE
sub-NDARVF039ZLX	FALSE	TRUE
sub-NDARVF786FUU	TRUE	FALSE
sub-NDARVG127VW5	FALSE	TRUE
sub-NDARVJ072EHU	FALSE	TRUE
sub-NDARVJ468UZC	FALSE	TRUE
sub-NDARVK922KE5	FALSE	TRUE
sub-NDARVL697YGK	FALSE	TRUE
sub-NDARVN629CRD	FALSE	TRUE
sub-NDARVN892TCF	TRUE	FALSE
sub-NDARVX111CNA	FALSE	TRUE
sub-NDARVX185WX2	TRUE	FALSE
sub-NDARVY564LFB	FALSE	FALSE
sub-NDARVZ078KTW	FALSE	FALSE
sub-NDARWA102TY7	TRUE	FALSE
sub-NDARWC426HEA	FALSE	TRUE
sub-NDARWC427JB2	FALSE	TRUE
sub-NDARWE717DEU	FALSE	FALSE
sub-NDARWE908KF8	TRUE	FALSE
sub-NDARWF259RB2	TRUE	FALSE
sub-NDARWG200CUE	TRUE	FALSE
sub-NDARWJ321WKG	TRUE	FALSE
sub-NDARWK051GG4	FALSE	TRUE
sub-NDARWK626PFY	FALSE	TRUE
sub-NDARWN169DHY	FALSE	TRUE
sub-NDARWP817CVB	FALSE	TRUE
sub-NDARWR509KGZ	FALSE	TRUE
sub-NDARWR628EFJ	FALSE	TRUE
sub-NDARWU381EF7	FALSE	TRUE
sub-NDARWU876CWH	FALSE	TRUE
sub-NDARWU936JGG	FALSE	FALSE
sub-NDARXB286YBR	TRUE	FALSE
sub-NDARXC828NXQ	FALSE	FALSE
sub-NDARXE132BTC	TRUE	FALSE
sub-NDARXE242KMQ	TRUE	FALSE
sub-NDARXE854EDK	FALSE	TRUE
sub-NDARXF890FLA	FALSE	TRUE
sub-NDARXG710BVQ	FALSE	TRUE
sub-NDARXG799KWJ	TRUE	FALSE
sub-NDARXG995EV6	TRUE	FALSE
sub-NDARXH140YZ0	FALSE	TRUE
sub-NDARXH529MTX	FALSE	TRUE
sub-NDARXH654EPQ	FALSE	TRUE
sub-NDARXJ624ZF2	TRUE	FALSE
sub-NDARXK303DDB	FALSE	TRUE
sub-NDARXM200CFE	FALSE	TRUE
sub-NDARXN893UEZ	TRUE	FALSE
sub-NDARXR250LW3	FALSE	TRUE
sub-NDARXR389XA1	TRUE	FALSE
sub-NDARXU376FDN	FALSE	TRUE
sub-NDARXU883NMY	FALSE	TRUE
sub-NDARXU995GAJ	FALSE	TRUE
sub-NDARXW330ZJT	FALSE	TRUE
sub-NDARXY199VDP	FALSE	TRUE
sub-NDARXZ692ULW	FALSE	TRUE
sub-NDARYA776KBK	TRUE	FALSE
sub-NDARYA807PVN	FALSE	FALSE
sub-NDARYA851GL6	TRUE	FALSE
sub-NDARYA952GA1	TRUE	FALSE
sub-NDARYB743WWX	FALSE	TRUE
sub-NDARYD666FL0	FALSE	TRUE
sub-NDARYE822ZTD	FALSE	TRUE
sub-NDARYG331FLY	FALSE	TRUE
sub-NDARYH951HH5	TRUE	FALSE
sub-NDARYN857XMX	FALSE	TRUE
sub-NDARYW514CH2	FALSE	TRUE
sub-NDARYW945PJU	FALSE	TRUE
sub-NDARYZ489EHH	TRUE	FALSE
sub-NDARYZ637LK4	TRUE	FALSE
sub-NDARZB128KCF	FALSE	FALSE
sub-NDARZB517KTU	FALSE	TRUE
sub-NDARZD985LU8	FALSE	TRUE
sub-NDARZE685UJ5	FALSE	TRUE
sub-NDARZF615DC0	TRUE	FALSE
sub-NDARZK745JGG	FALSE	TRUE
sub-NDARZL113CU0	TRUE	FALSE
sub-NDARZL683VNX	FALSE	TRUE
sub-NDARZL799MFW	FALSE	TRUE
sub-NDARZN148PMN	FALSE	TRUE
sub-NDARZN578YDP	FALSE	TRUE
sub-NDARZN914GPB	TRUE	FALSE
sub-NDARZV421TCZ	FALSE	TRUE
sub-NDARZW363UGM	FALSE	TRUE
sub-NDARZW662UK6	FALSE	TRUE
sub-NDARZZ007YMP	FALSE	TRUE
sub-NDARZZ830JM7	FALSE	TRUE
sub-NDARAA306NT2	FALSE	FALSE
sub-NDARAA504CRN	FALSE	FALSE
sub-NDARAA947ZG5	FALSE	TRUE
sub-NDARAB514MAJ	TRUE	FALSE
sub-NDARAB977GFB	TRUE	FALSE
sub-NDARAD571FLB	TRUE	FALSE
sub-NDARAF003VCL	FALSE	TRUE
sub-NDARAG191AE8	FALSE	TRUE
sub-NDARAG610XL4	TRUE	FALSE
sub-NDARAH976BND	FALSE	TRUE
sub-NDARAJ977PRJ	TRUE	FALSE
sub-NDARAM197GFY	FALSE	FALSE
sub-NDARAN524ZK6	FALSE	FALSE
sub-NDARAN934AZL	TRUE	FALSE
sub-NDARAP912JK3	TRUE	FALSE
sub-NDARAR305LXG	TRUE	FALSE
sub-NDARAT709MMX	FALSE	TRUE
sub-NDARAV454VF0	TRUE	FALSE
sub-NDARAY298THW	FALSE	TRUE
sub-NDARBD370RBY	FALSE	FALSE
sub-NDARBJ375VP4	FALSE	TRUE
sub-NDARBL242L4H	FALSE	TRUE
sub-NDARBT436PMT	FALSE	TRUE
sub-NDARBV630BK6	FALSE	TRUE
sub-NDARCA050RZL	TRUE	FALSE
sub-NDARCB504PGG	FALSE	FALSE
sub-NDARCB627KDN	FALSE	TRUE
sub-NDARCC059WTH	FALSE	TRUE
sub-NDARCC101PA9	FALSE	FALSE
sub-NDARCC824FCL	TRUE	FALSE
sub-NDARCJ330NBP	FALSE	FALSE
sub-NDARCM050BN2	TRUE	FALSE
sub-NDARCM953HKD	FALSE	TRUE
sub-NDARCN681CXW	FALSE	TRUE
sub-NDARCR715LEY	TRUE	FALSE
sub-NDARCT889DMB	FALSE	TRUE
sub-NDARCU891YET	FALSE	FALSE
sub-NDARCU919KUL	FALSE	FALSE
sub-NDARCV440TRV	TRUE	FALSE
sub-NDARCV628NRY	TRUE	FALSE
sub-NDARCX505WVX	FALSE	TRUE
sub-NDARDE502TEU	FALSE	TRUE
sub-NDARDF560NND	FALSE	FALSE
sub-NDARDJ204EPU	FALSE	TRUE
sub-NDARDJ544BU5	TRUE	FALSE
sub-NDARDP292DVC	FALSE	TRUE
sub-NDARDP725ZVY	TRUE	FALSE
sub-NDARDU566NUY	FALSE	FALSE
sub-NDARDV648WB5	FALSE	TRUE
sub-NDARDW178AC6	FALSE	TRUE
sub-NDAREB303XDC	FALSE	TRUE
sub-NDAREB953UMY	FALSE	FALSE
sub-NDARED010UML	TRUE	FALSE
sub-NDAREE543HYQ	FALSE	FALSE
sub-NDAREF074ZAQ	FALSE	TRUE
sub-NDAREG013BLG	FALSE	TRUE
sub-NDAREK686WN1	FALSE	FALSE
sub-NDARET558NB3	TRUE	FALSE
sub-NDARET888KD2	TRUE	FALSE
sub-NDAREV372WDG	TRUE	FALSE
sub-NDAREW430AYU	TRUE	FALSE
sub-NDARFB371EMF	TRUE	FALSE
sub-NDARFD069AW7	FALSE	TRUE
sub-NDARFD628UVZ	FALSE	FALSE
sub-NDARFJ988HKR	FALSE	FALSE
sub-NDARFK819TD5	FALSE	TRUE
sub-NDARFM645RH5	FALSE	FALSE
sub-NDARFP243NWY	TRUE	FALSE
sub-NDARFP503KJF	FALSE	TRUE
sub-NDARFP813TL5	TRUE	FALSE
sub-NDARFR873KZX	FALSE	TRUE
sub-NDARFV725DEQ	TRUE	FALSE
sub-NDARFV725LGA	FALSE	FALSE
sub-NDARFW100ZXX	FALSE	FALSE
sub-NDARFW506ZZ0	FALSE	TRUE
sub-NDARFW669WJ9	FALSE	FALSE
sub-NDARFY525TL2	FALSE	TRUE
sub-NDARGB060TAM	FALSE	TRUE
sub-NDARGC124PAW	FALSE	TRUE
sub-NDARGC255BUN	FALSE	TRUE
sub-NDARGK253TTG	FALSE	FALSE
sub-NDARGM258RZU	FALSE	TRUE
sub-NDARGM421YWQ	FALSE	TRUE
sub-NDARGN210CK7	FALSE	TRUE
sub-NDARGU067HT7	TRUE	FALSE
sub-NDARGU829GZ4	FALSE	FALSE
sub-NDARGV263ZRY	FALSE	TRUE
sub-NDARGZ116HTR	FALSE	FALSE
sub-NDARHC357HLP	FALSE	FALSE
sub-NDARHD276TYX	FALSE	TRUE
sub-NDARHN911CNJ	TRUE	FALSE
sub-NDARHP395DGY	FALSE	FALSE
sub-NDARHU529JHV	FALSE	TRUE
sub-NDARHX252NVH	FALSE	TRUE
sub-NDARHZ375JRF	FALSE	FALSE
sub-NDARJA315FUQ	TRUE	FALSE
sub-NDARJC463HCM	TRUE	FALSE
sub-NDARJD142DHR	TRUE	FALSE
sub-NDARJH910CGX	FALSE	TRUE
sub-NDARJJ216EGT	FALSE	TRUE
sub-NDARJK147LNJ	TRUE	FALSE
sub-NDARJK154PF5	FALSE	TRUE
sub-NDARJL656RDA	TRUE	FALSE
sub-NDARJR280FEJ	TRUE	FALSE
sub-NDARJV547LA3	TRUE	FALSE
sub-NDARJW072UJ3	FALSE	FALSE
sub-NDARJW503GA0	TRUE	FALSE
sub-NDARJX121GKP	FALSE	TRUE
sub-NDARJY577WNJ	FALSE	TRUE
sub-NDARKD590VF4	FALSE	TRUE
sub-NDARKF899ZUB	FALSE	TRUE
sub-NDARKH944KVE	FALSE	FALSE
sub-NDARKL223LLF	FALSE	TRUE
sub-NDARKM718VKX	TRUE	FALSE
sub-NDARKN742LEV	FALSE	TRUE
sub-NDARKT540ZW0	TRUE	FALSE
sub-NDARKU726AB4	FALSE	FALSE
sub-NDARKX807KHG	FALSE	TRUE
sub-NDARKZ601KWB	FALSE	FALSE
sub-NDARKZ949UAL	TRUE	FALSE
sub-NDARLA226ADX	TRUE	FALSE
sub-NDARLA457ELH	FALSE	TRUE
sub-NDARLE335PRN	FALSE	TRUE
sub-NDARLE412VD5	FALSE	TRUE
sub-NDARLE849LCR	TRUE	FALSE
sub-NDARLH043YDK	FALSE	TRUE
sub-NDARLH423CR7	FALSE	TRUE
sub-NDARLP417RC6	TRUE	FALSE
sub-NDARLR924YAV	FALSE	TRUE
sub-NDARMB290GPL	FALSE	FALSE
sub-NDARMC694YF3	FALSE	TRUE
sub-NDARMF560MUH	FALSE	FALSE
sub-NDARMF846EVR	TRUE	FALSE
sub-NDARMG263JRX	TRUE	FALSE
sub-NDARMJ333WJM	FALSE	TRUE
sub-NDARMJ845MJA	TRUE	FALSE
sub-NDARML626PGU	FALSE	FALSE
sub-NDARMR134HUY	TRUE	FALSE
sub-NDARMX482GWR	TRUE	FALSE
sub-NDARMX835PGE	FALSE	FALSE
sub-NDARMZ119VPH	TRUE	FALSE
sub-NDARNA421FL7	FALSE	TRUE
sub-NDARNB390JL3	TRUE	FALSE
sub-NDARNC130ZLK	TRUE	FALSE
sub-NDARNC489BX5	FALSE	TRUE
sub-NDARND604TNB	FALSE	TRUE
sub-NDARND805ZTP	FALSE	FALSE
sub-NDARNT205ZKP	FALSE	FALSE
sub-NDARNT676ZN4	FALSE	FALSE
sub-NDARNT898ZPF	TRUE	FALSE
sub-NDARNU411FDE	FALSE	FALSE
sub-NDARNV983DET	TRUE	FALSE
sub-NDARNW099DC7	FALSE	TRUE
sub-NDARNX050XBN	FALSE	TRUE
sub-NDARNZ084JVC	FALSE	TRUE
sub-NDARPA005VVK	TRUE	FALSE
sub-NDARPC301UWR	TRUE	FALSE
sub-NDARPC745LTD	FALSE	TRUE
sub-NDARPE830YU0	FALSE	TRUE
sub-NDARPG873DJP	FALSE	FALSE
sub-NDARPJ001BVE	FALSE	FALSE
sub-NDARPJ691NEU	FALSE	TRUE
sub-NDARPK522DVQ	FALSE	FALSE
sub-NDARPK597XH0	TRUE	FALSE
sub-NDARPL406KX4	FALSE	TRUE
sub-NDARRE063LG2	FALSE	TRUE
sub-NDARRE214UKF	FALSE	FALSE
sub-NDARRF525ME3	FALSE	FALSE
sub-NDARRH199NCH	FALSE	TRUE
sub-NDARRL030XD8	FALSE	TRUE
sub-NDARRN047XHC	FALSE	TRUE
sub-NDARRR595LRJ	FALSE	TRUE
sub-NDARRU820CXW	TRUE	FALSE
sub-NDARRV002MA8	FALSE	FALSE
sub-NDARRV410KY1	TRUE	FALSE
sub-NDARRX084UML	TRUE	FALSE
sub-NDARRX552PP2	TRUE	FALSE
sub-NDARRY885YL9	FALSE	TRUE
sub-NDARRZ940HX6	FALSE	TRUE
sub-NDARRZ993EL4	FALSE	TRUE
sub-NDARTF150VPJ	FALSE	TRUE
sub-NDARTH529YKZ	TRUE	FALSE
sub-NDARTJ862ENU	FALSE	TRUE
sub-NDARTN464MWT	FALSE	FALSE
sub-NDARTN760YH8	FALSE	TRUE
sub-NDARTP022VL6	FALSE	FALSE
sub-NDARTV119WJK	FALSE	TRUE
sub-NDARTV296UNC	FALSE	FALSE
sub-NDARTZ018PD5	FALSE	FALSE
sub-NDARUA745NA8	FALSE	FALSE
sub-NDARUC715YN4	FALSE	TRUE
sub-NDARUC980NZ5	FALSE	TRUE
sub-NDARUD394JAW	TRUE	FALSE
sub-NDARUK025ZFT	FALSE	TRUE
sub-NDARUK054GTN	TRUE	FALSE
sub-NDARUK588UY6	TRUE	FALSE
sub-NDARUK719URM	TRUE	FALSE
sub-NDARUP441BKK	TRUE	FALSE
sub-NDARUT142RT3	TRUE	FALSE
sub-NDARUW206XUG	FALSE	TRUE
sub-NDARUX818MGE	TRUE	FALSE
sub-NDARUZ200NRJ	FALSE	TRUE
sub-NDARVC318GTX	FALSE	TRUE
sub-NDARVD599VP2	FALSE	FALSE
sub-NDARVJ687ENB	TRUE	FALSE
sub-NDARVK196LEK	FALSE	TRUE
sub-NDARVK407TGE	FALSE	FALSE
sub-NDARVM287DJK	FALSE	FALSE
sub-NDARVM774PA5	TRUE	FALSE
sub-NDARVN370YL8	FALSE	TRUE
sub-NDARVP689NR0	TRUE	FALSE
sub-NDARVP894EX0	TRUE	FALSE
sub-NDARVR601FUT	FALSE	TRUE
sub-NDARVV704MND	TRUE	FALSE
sub-NDARVV926KLM	TRUE	FALSE
sub-NDARVY860TY0	TRUE	FALSE
sub-NDARWB903FVY	TRUE	FALSE
sub-NDARWE130JMG	FALSE	FALSE
sub-NDARWE818UA6	FALSE	TRUE
sub-NDARWN580TUL	TRUE	FALSE
sub-NDARWP112TDL	FALSE	FALSE
sub-NDARWP675DHU	FALSE	FALSE
sub-NDARWR112FNP	FALSE	FALSE
sub-NDARWT538DBC	FALSE	TRUE
sub-NDARWX376FTQ	FALSE	TRUE
sub-NDARXB023AMW	FALSE	TRUE
sub-NDARXB992KA7	FALSE	FALSE
sub-NDARXD907ZJL	FALSE	TRUE
sub-NDARXE638NCB	TRUE	FALSE
sub-NDARXE912NZP	TRUE	FALSE
sub-NDARXF294ME0	TRUE	FALSE
sub-NDARXF711LJ9	FALSE	TRUE
sub-NDARXH270TJ8	TRUE	FALSE
sub-NDARXJ973GFA	FALSE	TRUE
sub-NDARXL534AZA	FALSE	FALSE
sub-NDARXP021FZ5	FALSE	FALSE
sub-NDARXV702MYC	FALSE	FALSE
sub-NDARXX939FFN	TRUE	FALSE
sub-NDARXZ710ZJ8	FALSE	FALSE
sub-NDARYA877HN5	FALSE	FALSE
sub-NDARYB414NGM	FALSE	TRUE
sub-NDARYG172DBJ	TRUE	FALSE
sub-NDARYJ334EHH	FALSE	TRUE
sub-NDARYJ694EU0	FALSE	TRUE
sub-NDARYL268BVG	FALSE	FALSE
sub-NDARYW789GNP	FALSE	TRUE
sub-NDARYX572VEW	FALSE	FALSE
sub-NDARYY793DXM	FALSE	TRUE
sub-NDARZE389XF0	FALSE	TRUE
sub-NDARZF625MH8	TRUE	FALSE
sub-NDARZH699ZET	TRUE	FALSE
sub-NDARZN610GTY	FALSE	TRUE
sub-NDARZP065VGY	FALSE	TRUE
sub-NDARZR529EJ1	FALSE	FALSE
sub-NDARZU401RCU	FALSE	TRUE
sub-NDARZV132DRG	FALSE	TRUE
sub-NDARZV895RZ5	FALSE	TRUE
sub-NDARAC589YMB	FALSE	TRUE
sub-NDARAC853CR6	FALSE	TRUE
sub-NDARAE710YWG	FALSE	FALSE
sub-NDARAH239PGG	TRUE	FALSE
sub-NDARAL897CYV	FALSE	TRUE
sub-NDARAN160GUF	TRUE	FALSE
sub-NDARAP049KXJ	FALSE	TRUE
sub-NDARAP457WB5	FALSE	TRUE
sub-NDARAP739AUP	FALSE	FALSE
sub-NDARAU939WUK	TRUE	FALSE
sub-NDARAW216PM7	FALSE	FALSE
sub-NDARAW298ZA9	FALSE	TRUE
sub-NDARAX075WL9	TRUE	FALSE
sub-NDARAX722PKY	TRUE	FALSE
sub-NDARAZ068TNJ	FALSE	TRUE
sub-NDARBA004KBT	FALSE	TRUE
sub-NDARBB995GGY	FALSE	FALSE
sub-NDARBD328NUQ	FALSE	TRUE
sub-NDARBD992CH7	FALSE	FALSE
sub-NDARBE719PMB	TRUE	FALSE
sub-NDARBF042LDM	FALSE	TRUE
sub-NDARBH019KPD	TRUE	FALSE
sub-NDARBH728DFK	FALSE	TRUE
sub-NDARBL170XJX	FALSE	TRUE
sub-NDARBM370JCB	FALSE	TRUE
sub-NDARBP398JHL	FALSE	TRUE
sub-NDARBR533KJZ	FALSE	TRUE
sub-NDARBU183TDJ	TRUE	FALSE
sub-NDARBW268XPY	TRUE	FALSE
sub-NDARBW971DCW	TRUE	FALSE
sub-NDARBZ444ZHK	FALSE	FALSE
sub-NDARCB305AFY	FALSE	TRUE
sub-NDARCC620ZFT	FALSE	TRUE
sub-NDARCD182XT1	FALSE	TRUE
sub-NDARCD453JG4	FALSE	TRUE
sub-NDARCE162VRB	TRUE	FALSE
sub-NDARCK113CJM	FALSE	FALSE
sub-NDARCK427YBH	FALSE	FALSE
sub-NDARCL253KU1	TRUE	FALSE
sub-NDARCP073AFY	FALSE	TRUE
sub-NDARCP452ZVH	TRUE	FALSE
sub-NDARCT277WK9	TRUE	FALSE
sub-NDARCW058DP8	FALSE	FALSE
sub-NDARCX021XWF	FALSE	TRUE
sub-NDARDB033FW5	FALSE	TRUE
sub-NDARDH214UVC	TRUE	FALSE
sub-NDARDH220WVH	FALSE	FALSE
sub-NDARDJ083LD3	FALSE	FALSE
sub-NDARDK794WV3	FALSE	TRUE
sub-NDARDL377ZT7	FALSE	TRUE
sub-NDARDL389KT5	FALSE	TRUE
sub-NDARDR103FJQ	FALSE	TRUE
sub-NDARDR304HHJ	TRUE	FALSE
sub-NDARDU314YVY	TRUE	FALSE
sub-NDARDX173WLD	FALSE	TRUE
sub-NDARDY421HTK	FALSE	FALSE
sub-NDAREA730YXX	TRUE	FALSE
sub-NDAREG350WZ4	TRUE	FALSE
sub-NDAREL0366HL	TRUE	FALSE
sub-NDAREL767XXM	TRUE	FALSE
sub-NDAREM356FXV	FALSE	TRUE
sub-NDAREP061MTY	TRUE	FALSE
sub-NDARET067PK6	TRUE	FALSE
sub-NDARET484TTP	FALSE	TRUE
sub-NDAREU890CYJ	FALSE	TRUE
sub-NDAREW557WZM	TRUE	FALSE
sub-NDAREW594DC5	FALSE	FALSE
sub-NDARFA358RJJ	FALSE	TRUE
sub-NDARFB146TG0	FALSE	TRUE
sub-NDARFC694PW2	TRUE	FALSE
sub-NDARFE902PF9	FALSE	FALSE
sub-NDARFJ372JDJ	FALSE	FALSE
sub-NDARFJ488VPT	FALSE	TRUE
sub-NDARFM870UHU	FALSE	FALSE
sub-NDARFN636ZYB	TRUE	FALSE
sub-NDARFP841PDJ	FALSE	TRUE
sub-NDARFR103CUN	TRUE	FALSE
sub-NDARFR445XKP	FALSE	TRUE
sub-NDARFR601RDQ	TRUE	FALSE
sub-NDARFT591CKG	FALSE	FALSE
sub-NDARFT698LLU	FALSE	TRUE
sub-NDARGC157LYY	TRUE	FALSE
sub-NDARGC407NV7	FALSE	FALSE
sub-NDARGE643MYU	TRUE	FALSE
sub-NDARGG058DYF	FALSE	TRUE
sub-NDARGG423UMK	FALSE	FALSE
sub-NDARGJ392ACY	FALSE	TRUE
sub-NDARGJ653MG2	FALSE	TRUE
sub-NDARGM240YJM	TRUE	FALSE
sub-NDARGU126KC2	FALSE	TRUE
sub-NDARGV455JV1	FALSE	TRUE
sub-NDARGW180RV4	TRUE	FALSE
sub-NDARGX161LRM	FALSE	TRUE
sub-NDARGY559UL3	FALSE	TRUE
sub-NDARGY639ANB	TRUE	FALSE
sub-NDARHB261JMG	TRUE	FALSE
sub-NDARHC426PAW	TRUE	FALSE
sub-NDARHD546PDX	FALSE	TRUE
sub-NDARHE772FWW	FALSE	TRUE
sub-NDARHE896MYM	FALSE	TRUE
sub-NDARHF081GX4	FALSE	FALSE
sub-NDARHF854JX7	TRUE	FALSE
sub-NDARHM270YKH	FALSE	TRUE
sub-NDARHM282EJ4	FALSE	TRUE
sub-NDARHN386FXX	TRUE	FALSE
sub-NDARHR484PZP	TRUE	FALSE
sub-NDARHR690ZAM	FALSE	TRUE
sub-NDARHT403JJJ	FALSE	TRUE
sub-NDARHT524ET0	TRUE	FALSE
sub-NDARHV260FPW	TRUE	FALSE
sub-NDARHV358ZCU	FALSE	FALSE
sub-NDARHV423JV3	FALSE	FALSE
sub-NDARHV885JFU	TRUE	FALSE
sub-NDARHW808VDT	FALSE	TRUE
sub-NDARJA356XHT	FALSE	TRUE
sub-NDARJB501MJL	FALSE	FALSE
sub-NDARJB548ML8	TRUE	FALSE
sub-NDARJD704KEM	TRUE	FALSE
sub-NDARJH773JTJ	FALSE	TRUE
sub-NDARJJ011HZ1	FALSE	FALSE
sub-NDARJJ173BRX	FALSE	FALSE
sub-NDARJJ345VHW	FALSE	TRUE
sub-NDARJK995KMG	FALSE	TRUE
sub-NDARJL025LWZ	TRUE	FALSE
sub-NDARJM765EZF	FALSE	TRUE
sub-NDARJP304NK1	FALSE	FALSE
sub-NDARJR437DJH	FALSE	TRUE
sub-NDARJW888AJ2	FALSE	TRUE
sub-NDARJW989EM6	FALSE	TRUE
sub-NDARKB712GAP	FALSE	TRUE
sub-NDARKH168MC1	FALSE	TRUE
sub-NDARKL053DWW	FALSE	TRUE
sub-NDARKM805EFA	FALSE	TRUE
sub-NDARKM823HJ7	FALSE	FALSE
sub-NDARKR391CMV	FALSE	TRUE
sub-NDARKT714TXR	FALSE	TRUE
sub-NDARLC770YL9	FALSE	FALSE
sub-NDARLE282UHJ	FALSE	TRUE
sub-NDARLJ472DLM	TRUE	FALSE
sub-NDARLK690ZK9	FALSE	FALSE
sub-NDARLL181EGQ	TRUE	FALSE
sub-NDARLL572UP2	FALSE	TRUE
sub-NDARLM877UZM	FALSE	TRUE
sub-NDARLR586MPX	FALSE	TRUE
sub-NDARLY465LNP	FALSE	TRUE
sub-NDARLY867ZD4	FALSE	TRUE
sub-NDARLYO38AJZ	FALSE	TRUE
sub-NDARMA629XDR	FALSE	TRUE
sub-NDARMD666RYJ	FALSE	TRUE
sub-NDARMD987YR6	FALSE	FALSE
sub-NDARMK046ZRK	FALSE	TRUE
sub-NDARMK100DJR	TRUE	FALSE
sub-NDARMT575KF6	TRUE	FALSE
sub-NDARMU280FXT	TRUE	FALSE
sub-NDARMZ936WYB	TRUE	FALSE
sub-NDARNA055LLN	FALSE	TRUE
sub-NDARNB032ZLC	FALSE	TRUE
sub-NDARNB738TM9	FALSE	TRUE
sub-NDARNC287MK5	TRUE	FALSE
sub-NDARNH170TJU	FALSE	TRUE
sub-NDARNH285EWA	FALSE	TRUE
sub-NDARNH766CU7	TRUE	FALSE
sub-NDARNJ950EFG	FALSE	FALSE
sub-NDARNM838ABN	TRUE	FALSE
sub-NDARNN042YCH	FALSE	TRUE
sub-NDARNT277FMR	TRUE	FALSE
sub-NDARNX477HZ4	FALSE	TRUE
sub-NDARNX562GP3	FALSE	TRUE
sub-NDARNZ433DDH	FALSE	TRUE
sub-NDARPD572XRC	FALSE	TRUE
sub-NDARPE623MBW	TRUE	FALSE
sub-NDARPE838DC5	TRUE	FALSE
sub-NDARPF362VH8	TRUE	FALSE
sub-NDARPH105ZFF	FALSE	TRUE
sub-NDARPH637HAZ	FALSE	FALSE
sub-NDARPK337CLE	TRUE	FALSE
sub-NDARPL440BX5	FALSE	TRUE
sub-NDARPL651MD5	FALSE	TRUE
sub-NDARPM172XGD	TRUE	FALSE
sub-NDARPR799VX4	FALSE	FALSE
sub-NDARPT417LW6	FALSE	TRUE
sub-NDARPU981GWF	FALSE	FALSE
sub-NDARPV412JEN	FALSE	TRUE
sub-NDARPW746FWF	FALSE	TRUE
sub-NDARPX661BF1	TRUE	FALSE
sub-NDARPY302MV9	FALSE	TRUE
sub-NDARRC348AFG	TRUE	FALSE
sub-NDARRL379BET	FALSE	TRUE
sub-NDARRR464UTB	FALSE	TRUE
sub-NDARRR633WLE	FALSE	TRUE
sub-NDARRU751ATE	FALSE	TRUE
sub-NDARRW481GFE	TRUE	FALSE
sub-NDARRW536ZM2	FALSE	TRUE
sub-NDARRX138MLG	FALSE	FALSE
sub-NDARRY792KY1	FALSE	TRUE
sub-NDARTA920XFC	FALSE	TRUE
sub-NDARTB003FDD	TRUE	FALSE
sub-NDARTC527WPZ	FALSE	FALSE
sub-NDARTE553VC1	FALSE	TRUE
sub-NDARTF079JGU	TRUE	FALSE
sub-NDARTK524HRR	TRUE	FALSE
sub-NDARTK667PGK	FALSE	TRUE
sub-NDARTL878RZ2	TRUE	FALSE
sub-NDARTM712HBD	FALSE	TRUE
sub-NDARTP307VUC	FALSE	FALSE
sub-NDARTV480WBU	FALSE	TRUE
sub-NDARTW567YUQ	FALSE	TRUE
sub-NDARUA821NUN	FALSE	FALSE
sub-NDARUB100PP9	TRUE	FALSE
sub-NDARUB119BLT	FALSE	TRUE
sub-NDARUC308ZLR	TRUE	FALSE
sub-NDARUE113AXB	TRUE	FALSE
sub-NDARUE605HGP	TRUE	FALSE
sub-NDARUF170ABA	FALSE	FALSE
sub-NDARUF850XKH	TRUE	FALSE
sub-NDARUH536DUK	FALSE	TRUE
sub-NDARUL160DMT	FALSE	TRUE
sub-NDARUL290YKN	TRUE	FALSE
sub-NDARUL636NGK	TRUE	FALSE
sub-NDARUL694GYN	FALSE	FALSE
sub-NDARUM721FCJ	FALSE	TRUE
sub-NDARUT880HVY	FALSE	TRUE
sub-NDARUU314RH7	FALSE	TRUE
sub-NDARUU939VRT	FALSE	TRUE
sub-NDARUX187JTB	FALSE	TRUE
sub-NDARUX911VE1	FALSE	TRUE
sub-NDARUY024RVP	TRUE	FALSE
sub-NDARUY825AKX	FALSE	TRUE
sub-NDARUZ818ADU	TRUE	FALSE
sub-NDARUZ859WCN	FALSE	TRUE
sub-NDARVB587ECK	TRUE	FALSE
sub-NDARVB727UJC	FALSE	TRUE
sub-NDARVF852TZ4	FALSE	TRUE
sub-NDARVG777EUZ	FALSE	TRUE
sub-NDARVG808PKQ	FALSE	TRUE
sub-NDARVN020FRK	TRUE	FALSE
sub-NDARVU416CR6	FALSE	TRUE
sub-NDARWA606FWB	FALSE	TRUE
sub-NDARWB179TJ0	FALSE	FALSE
sub-NDARWC399JLD	FALSE	TRUE
sub-NDARWF514TW5	FALSE	TRUE
sub-NDARWF593BNF	FALSE	TRUE
sub-NDARWG820RKE	FALSE	FALSE
sub-NDARWL656URE	TRUE	FALSE
sub-NDARWN739ED2	FALSE	TRUE
sub-NDARWP157RYM	TRUE	FALSE
sub-NDARWP458FH7	FALSE	TRUE
sub-NDARWV769JM7	FALSE	TRUE
sub-NDARWZ115KC6	FALSE	TRUE
sub-NDARXC055JGA	TRUE	FALSE
sub-NDARXF860CZ7	FALSE	TRUE
sub-NDARXG961UAB	FALSE	TRUE
sub-NDARXJ896XFC	FALSE	TRUE
sub-NDARXK893KLX	FALSE	FALSE
sub-NDARXL801JVG	FALSE	FALSE
sub-NDARXT196WPG	FALSE	TRUE
sub-NDARXV209WYA	FALSE	TRUE
sub-NDARXV291ATY	FALSE	TRUE
sub-NDARXW276NXN	FALSE	TRUE
sub-NDARXX426ELJ	FALSE	FALSE
sub-NDARXZ850KHQ	FALSE	FALSE
sub-NDARYA379LKT	FALSE	TRUE
sub-NDARYA675XXA	FALSE	FALSE
sub-NDARYD585PXP	FALSE	TRUE
sub-NDARYE017HZA	FALSE	TRUE
sub-NDARYE155BLQ	FALSE	TRUE
sub-NDARYG419DKQ	FALSE	TRUE
sub-NDARYJ245AAD	TRUE	FALSE
sub-NDARYK042VMG	FALSE	FALSE
sub-NDARYK772JH8	FALSE	FALSE
sub-NDARYL284NDM	FALSE	FALSE
sub-NDARYP863PZ4	FALSE	TRUE
sub-NDARYW170CAA	FALSE	TRUE
sub-NDARYW946VTC	FALSE	TRUE
sub-NDARYX133FFQ	TRUE	FALSE
sub-NDARYX853TAX	FALSE	TRUE
sub-NDARZ6064CX2	FALSE	TRUE
sub-NDARZA982YTP	TRUE	FALSE
sub-NDARZB799GAK	FALSE	TRUE
sub-NDARZC021TF4	FALSE	FALSE
sub-NDARZE923ZKG	FALSE	TRUE
sub-NDARZG671PT1	FALSE	TRUE
sub-NDARZK631UMQ	FALSE	TRUE
sub-NDARZM314GAX	FALSE	FALSE
sub-NDARZM865KE8	FALSE	TRUE
sub-NDARZN217XJW	FALSE	FALSE
sub-NDARZR180BM6	FALSE	FALSE
sub-NDARZR968TLL	FALSE	TRUE
sub-NDARZT581RNV	FALSE	TRUE
sub-NDARZW854BH0	TRUE	FALSE
sub-NDARZW980YF9	FALSE	TRUE
sub-NDARZX827NWT	FALSE	FALSE
sub-NDARZZ404ZPN	FALSE	FALSE
sub-NDARZZ741VJE	TRUE	FALSE
sub-NDARZZ993CEV	FALSE	TRUE